place,osm_type,Latitude,Longitude,
hamlet,nodes,20.0384719,-77.1340301,12/16/2016
hamlet,nodes,20.6029152,-75.9724002,12/16/2016
hamlet,nodes,20.5854711,-75.9437116,12/16/2016
hamlet,nodes,20.6640265,-75.9354823,12/16/2016
hamlet,nodes,21.0657962,-76.2476168,12/16/2016
hamlet,nodes,20.4075289,-74.5464113,12/16/2016
hamlet,nodes,20.3752725,-74.5864705,12/16/2016
hamlet,nodes,20.3850938,-74.5633331,12/16/2016
hamlet,nodes,20.3771674,-74.5354027,12/16/2016
hamlet,nodes,20.396225,-74.5462122,12/16/2016
hamlet,nodes,20.3692238,-74.5479376,12/16/2016
hamlet,nodes,20.3183041,-74.5473139,12/16/2016
hamlet,nodes,20.3310253,-74.5651038,12/16/2016
hamlet,nodes,20.3526732,-74.6177053,12/16/2016
hamlet,nodes,20.365715,-74.5654929,12/16/2016
hamlet,nodes,20.3652761,-74.6031789,12/16/2016
hamlet,nodes,20.3512733,-74.6375773,12/16/2016
hamlet,nodes,20.3461009,-74.6427205,12/16/2016
hamlet,nodes,20.3441196,-74.6505275,12/16/2016
hamlet,nodes,20.3439749,-74.659569,12/16/2016
hamlet,nodes,20.2073107,-74.7239299,12/16/2016
hamlet,nodes,20.1983871,-74.6531266,12/16/2016
hamlet,nodes,20.0046885,-75.2252282,12/16/2016
hamlet,nodes,20.1750732,-74.971966,12/16/2016
hamlet,nodes,20.248215,-74.9028516,12/16/2016
hamlet,nodes,20.2722049,-74.9541908,12/16/2016
hamlet,nodes,20.2821094,-74.8951068,12/16/2016
hamlet,nodes,20.2551286,-74.7947721,12/16/2016
hamlet,nodes,20.3030536,-74.8530668,12/16/2016
hamlet,nodes,20.3417484,-74.8415936,12/16/2016
hamlet,nodes,20.3603765,-74.810855,12/16/2016
hamlet,nodes,20.3509031,-74.9322946,12/16/2016
hamlet,nodes,20.3176903,-74.8807551,12/16/2016
hamlet,nodes,20.3177172,-74.8814908,12/16/2016
hamlet,nodes,20.3199947,-74.8929842,12/16/2016
hamlet,nodes,20.3260658,-74.9066062,12/16/2016
hamlet,nodes,20.3260095,-74.9080431,12/16/2016
hamlet,nodes,20.3408745,-74.9182363,12/16/2016
hamlet,nodes,20.3364964,-74.9294442,12/16/2016
hamlet,nodes,20.3612483,-74.9526204,12/16/2016
hamlet,nodes,20.3652641,-74.9518317,12/16/2016
hamlet,nodes,20.3686462,-74.958642,12/16/2016
hamlet,nodes,20.2676086,-74.7353086,12/16/2016
hamlet,nodes,20.2619652,-74.9382033,12/16/2016
hamlet,nodes,20.2702305,-74.91599,12/16/2016
hamlet,nodes,20.2665217,-74.8204373,12/16/2016
hamlet,nodes,20.2884117,-74.8321266,12/16/2016
hamlet,nodes,20.3440332,-74.9240172,12/16/2016
hamlet,nodes,20.5123851,-74.6785898,12/16/2016
hamlet,nodes,20.5265505,-74.6881847,12/16/2016
hamlet,nodes,20.5269428,-74.7014304,12/16/2016
hamlet,nodes,20.5365122,-74.7034307,12/16/2016
hamlet,nodes,20.1200223,-74.8554508,12/16/2016
hamlet,nodes,20.1131454,-74.8074565,12/16/2016
hamlet,nodes,20.1232816,-74.8009552,12/16/2016
hamlet,nodes,20.1240027,-74.5850043,12/16/2016
hamlet,nodes,20.0899214,-74.6403623,12/16/2016
hamlet,nodes,20.1346107,-74.6799683,12/16/2016
hamlet,nodes,20.1400333,-74.5957752,12/16/2016
hamlet,nodes,20.176004,-74.5533052,12/16/2016
hamlet,nodes,20.221903,-74.8485273,12/16/2016
hamlet,nodes,20.1486039,-74.7743865,12/16/2016
hamlet,nodes,20.1501421,-74.8002957,12/16/2016
hamlet,nodes,20.1308672,-74.8451698,12/16/2016
hamlet,nodes,20.1415271,-74.861542,12/16/2016
hamlet,nodes,20.1574751,-74.8711511,12/16/2016
hamlet,nodes,20.1615258,-74.8494583,12/16/2016
hamlet,nodes,20.1236008,-74.7334125,12/16/2016
hamlet,nodes,20.1261883,-74.7047258,12/16/2016
hamlet,nodes,20.1361947,-74.6804412,12/16/2016
hamlet,nodes,20.1393383,-74.7027329,12/16/2016
hamlet,nodes,20.1403642,-74.6807402,12/16/2016
hamlet,nodes,20.2026368,-74.6159224,12/16/2016
hamlet,nodes,20.2166407,-74.6390917,12/16/2016
hamlet,nodes,20.1907124,-74.6290946,12/16/2016
hamlet,nodes,20.7613315,-75.8070114,12/16/2016
hamlet,nodes,20.7486495,-75.9427786,12/16/2016
hamlet,nodes,20.7598216,-75.9768084,12/16/2016
hamlet,nodes,20.7787452,-75.8546962,12/16/2016
hamlet,nodes,20.2552966,-74.2774675,12/16/2016
hamlet,nodes,20.2802714,-74.2780406,12/16/2016
hamlet,nodes,20.2856316,-74.2967527,12/16/2016
hamlet,nodes,20.2894441,-74.277897,12/16/2016
hamlet,nodes,20.2524379,-74.2498093,12/16/2016
hamlet,nodes,20.2523498,-74.228024,12/16/2016
hamlet,nodes,20.1995053,-74.2461956,12/16/2016
hamlet,nodes,20.2143295,-74.2067327,12/16/2016
hamlet,nodes,20.2296293,-74.2246253,12/16/2016
hamlet,nodes,20.2349926,-74.2490031,12/16/2016
hamlet,nodes,20.243233,-74.2808162,12/16/2016
hamlet,nodes,20.2218498,-74.2742039,12/16/2016
hamlet,nodes,20.2172516,-74.2555941,12/16/2016
hamlet,nodes,20.2167595,-74.2729462,12/16/2016
hamlet,nodes,20.2077939,-74.2845232,12/16/2016
hamlet,nodes,20.2801922,-74.3169737,12/16/2016
hamlet,nodes,20.2648571,-74.3229275,12/16/2016
hamlet,nodes,21.0651673,-75.7738272,12/16/2016
hamlet,nodes,21.0722827,-75.8418121,12/16/2016
hamlet,nodes,21.0190062,-75.8263039,12/16/2016
hamlet,nodes,21.0387849,-75.8416701,12/16/2016
hamlet,nodes,21.0593003,-75.7673372,12/16/2016
hamlet,nodes,21.0591785,-75.7525965,12/16/2016
hamlet,nodes,21.0397207,-75.7768542,12/16/2016
hamlet,nodes,21.0053165,-75.6422649,12/16/2016
hamlet,nodes,21.0463533,-75.7391531,12/16/2016
hamlet,nodes,21.0695769,-75.6762225,12/16/2016
hamlet,nodes,21.0592958,-75.9903898,12/16/2016
hamlet,nodes,21.0447364,-75.9719155,12/16/2016
hamlet,nodes,20.9991939,-75.9465129,12/16/2016
hamlet,nodes,21.058976,-75.945837,12/16/2016
hamlet,nodes,20.8549088,-75.7628322,12/16/2016
hamlet,nodes,20.8258438,-75.7181812,12/16/2016
hamlet,nodes,20.8208609,-75.771052,12/16/2016
hamlet,nodes,20.8428031,-75.6718196,12/16/2016
hamlet,nodes,20.8434791,-75.6682791,12/16/2016
hamlet,nodes,20.8666562,-75.7969732,12/16/2016
hamlet,nodes,20.858737,-75.7896089,12/16/2016
hamlet,nodes,20.815966,-75.7927895,12/16/2016
hamlet,nodes,20.828456,-75.787248,12/16/2016
hamlet,nodes,20.8354885,-75.8708391,12/16/2016
hamlet,nodes,20.8337957,-75.8606601,12/16/2016
hamlet,nodes,20.8484955,-75.8619479,12/16/2016
hamlet,nodes,20.8525657,-75.849824,12/16/2016
hamlet,nodes,20.8687387,-75.8845695,12/16/2016
hamlet,nodes,20.8242147,-75.9874454,12/16/2016
hamlet,nodes,20.8098365,-75.8945044,12/16/2016
hamlet,nodes,20.7929549,-75.9197334,12/16/2016
hamlet,nodes,20.8088368,-75.9068041,12/16/2016
hamlet,nodes,20.7747481,-75.8819193,12/16/2016
hamlet,nodes,20.7793165,-75.8631312,12/16/2016
hamlet,nodes,20.0593193,-76.2436261,12/16/2016
hamlet,nodes,20.0880922,-76.2394268,12/16/2016
hamlet,nodes,20.1010169,-76.2498731,12/16/2016
hamlet,nodes,20.1021069,-76.2462252,12/16/2016
hamlet,nodes,20.1699036,-76.1766333,12/16/2016
hamlet,nodes,20.1783038,-76.1608804,12/16/2016
hamlet,nodes,20.152634,-76.1664026,12/16/2016
hamlet,nodes,20.1349572,-76.1837582,12/16/2016
hamlet,nodes,20.1898225,-76.1513347,12/16/2016
hamlet,nodes,20.0852149,-76.1854086,12/16/2016
hamlet,nodes,20.730584,-75.8952284,12/16/2016
hamlet,nodes,20.9854353,-78.1168404,12/16/2016
hamlet,nodes,20.9278739,-78.0256507,12/16/2016
hamlet,nodes,20.558727,-76.1430565,12/16/2016
hamlet,nodes,20.6671922,-76.1753746,12/16/2016
hamlet,nodes,20.6612844,-76.1502887,12/16/2016
hamlet,nodes,20.7475817,-76.1673176,12/16/2016
hamlet,nodes,20.710646,-76.1854166,12/16/2016
hamlet,nodes,20.7435863,-76.2229087,12/16/2016
hamlet,nodes,20.7541443,-76.1997277,12/16/2016
hamlet,nodes,20.6275293,-76.1625754,12/16/2016
hamlet,nodes,20.6712499,-76.2054315,12/16/2016
hamlet,nodes,20.6963048,-76.1870716,12/16/2016
hamlet,nodes,20.7262113,-76.1465164,12/16/2016
hamlet,nodes,20.7328821,-76.2109655,12/16/2016
hamlet,nodes,20.6077642,-76.5740568,12/16/2016
hamlet,nodes,20.5301909,-76.5657719,12/16/2016
hamlet,nodes,20.5224175,-76.5591341,12/16/2016
hamlet,nodes,20.8209933,-76.488752,12/16/2016
hamlet,nodes,20.6494648,-76.5450933,12/16/2016
hamlet,nodes,20.6639544,-76.6167944,12/16/2016
hamlet,nodes,20.6502101,-76.5571706,12/16/2016
hamlet,nodes,20.6377748,-76.5001326,12/16/2016
hamlet,nodes,20.5659076,-76.5438044,12/16/2016
hamlet,nodes,20.563881,-76.490183,12/16/2016
hamlet,nodes,20.8219191,-76.2810786,12/16/2016
hamlet,nodes,20.3559564,-75.2843958,12/16/2016
hamlet,nodes,20.3524006,-75.2978471,12/16/2016
hamlet,nodes,20.3599648,-75.2951541,12/16/2016
hamlet,nodes,20.3193876,-75.3288785,12/16/2016
hamlet,nodes,20.3275849,-75.3185932,12/16/2016
hamlet,nodes,20.323619,-75.2928112,12/16/2016
hamlet,nodes,20.2518266,-75.3118781,12/16/2016
hamlet,nodes,20.2927062,-75.354333,12/16/2016
hamlet,nodes,20.2789277,-75.4402851,12/16/2016
hamlet,nodes,20.2990639,-75.4508524,12/16/2016
hamlet,nodes,20.312916,-75.4031825,12/16/2016
hamlet,nodes,20.1827841,-75.4600627,12/16/2016
hamlet,nodes,20.2056164,-75.3313457,12/16/2016
hamlet,nodes,20.2343546,-75.3140534,12/16/2016
hamlet,nodes,20.2275068,-75.3154205,12/16/2016
hamlet,nodes,20.2327486,-75.3026669,12/16/2016
hamlet,nodes,20.2398427,-75.2700406,12/16/2016
hamlet,nodes,20.2175859,-75.2611298,12/16/2016
hamlet,nodes,20.1968722,-75.2702952,12/16/2016
hamlet,nodes,20.1525251,-75.2605177,12/16/2016
hamlet,nodes,20.1896471,-75.4079456,12/16/2016
hamlet,nodes,20.1808397,-75.4389179,12/16/2016
hamlet,nodes,20.3183097,-75.3633613,12/16/2016
hamlet,nodes,20.3438675,-75.3112525,12/16/2016
hamlet,nodes,20.3360459,-75.33234,12/16/2016
hamlet,nodes,20.1977365,-75.3548638,12/16/2016
hamlet,nodes,20.0165688,-75.7198215,12/16/2016
hamlet,nodes,20.0127391,-75.6994348,12/16/2016
hamlet,nodes,20.0145772,-75.7089997,12/16/2016
hamlet,nodes,20.010272,-75.5082187,12/16/2016
hamlet,nodes,20.0232746,-75.5237574,12/16/2016
hamlet,nodes,20.8774569,-76.7278403,12/16/2016
hamlet,nodes,20.8882785,-76.7107806,12/16/2016
hamlet,nodes,20.8867119,-76.6927602,12/16/2016
hamlet,nodes,20.8831147,-76.8282252,12/16/2016
hamlet,nodes,20.8882784,-76.8053385,12/16/2016
hamlet,nodes,20.1098203,-76.0049415,12/16/2016
hamlet,nodes,20.1354086,-75.9588853,12/16/2016
hamlet,nodes,20.1403439,-75.7877684,12/16/2016
hamlet,nodes,20.1180462,-75.795272,12/16/2016
hamlet,nodes,20.1070029,-75.793937,12/16/2016
hamlet,nodes,20.0636066,-75.7534249,12/16/2016
hamlet,nodes,20.0681843,-75.7614626,12/16/2016
hamlet,nodes,20.0656374,-75.7771681,12/16/2016
hamlet,nodes,20.0709336,-75.7675881,12/16/2016
hamlet,nodes,20.0884653,-75.7887211,12/16/2016
hamlet,nodes,20.091839,-75.8220631,12/16/2016
hamlet,nodes,20.0969834,-75.8406678,12/16/2016
hamlet,nodes,20.1009268,-75.8185698,12/16/2016
hamlet,nodes,20.122461,-75.8368056,12/16/2016
hamlet,nodes,20.1368498,-75.8463516,12/16/2016
hamlet,nodes,20.1458943,-75.8192967,12/16/2016
hamlet,nodes,20.2540242,-75.6620586,12/16/2016
hamlet,nodes,20.23208,-75.6790209,12/16/2016
hamlet,nodes,20.2249324,-75.6415665,12/16/2016
hamlet,nodes,20.2191536,-75.6367707,12/16/2016
hamlet,nodes,20.2050582,-75.6504071,12/16/2016
hamlet,nodes,20.241915,-75.6398928,12/16/2016
hamlet,nodes,20.2473205,-75.681746,12/16/2016
hamlet,nodes,20.2341236,-75.6397587,12/16/2016
hamlet,nodes,20.2318434,-75.6668222,12/16/2016
hamlet,nodes,20.0219769,-75.7561005,12/16/2016
hamlet,nodes,20.0761948,-75.5552153,12/16/2016
hamlet,nodes,20.0700953,-75.5239592,12/16/2016
hamlet,nodes,20.0829817,-75.5975851,12/16/2016
hamlet,nodes,20.0694583,-75.7136805,12/16/2016
hamlet,nodes,20.1508394,-75.789249,12/16/2016
hamlet,nodes,22.7869142,-82.456609,12/16/2016
hamlet,nodes,22.7661702,-82.4536479,12/16/2016
hamlet,nodes,22.9779343,-82.4767374,12/16/2016
hamlet,nodes,22.9724432,-82.5377624,12/16/2016
hamlet,nodes,22.9902987,-82.5325692,12/16/2016
hamlet,nodes,22.975262,-82.4810388,12/16/2016
hamlet,nodes,22.9595311,-82.4798048,12/16/2016
hamlet,nodes,22.9225798,-82.4663347,12/16/2016
hamlet,nodes,22.9331362,-82.4571122,12/16/2016
hamlet,nodes,22.926841,-82.4844131,12/16/2016
hamlet,nodes,22.9161126,-82.4933391,12/16/2016
hamlet,nodes,22.9077061,-82.4813554,12/16/2016
hamlet,nodes,22.9062603,-82.4775992,12/16/2016
hamlet,nodes,22.9117285,-82.4690878,12/16/2016
hamlet,nodes,22.9113713,-82.4582942,12/16/2016
hamlet,nodes,20.8072487,-76.2068462,12/16/2016
hamlet,nodes,20.794694,-76.2092829,12/16/2016
hamlet,nodes,20.8375175,-76.2003782,12/16/2016
hamlet,nodes,20.8289594,-76.2016283,12/16/2016
hamlet,nodes,20.8181646,-76.1978263,12/16/2016
hamlet,nodes,20.8225044,-76.2108386,12/16/2016
hamlet,nodes,20.8177238,-76.2318931,12/16/2016
hamlet,nodes,20.8277249,-76.2462004,12/16/2016
hamlet,nodes,20.8432963,-76.2476116,12/16/2016
hamlet,nodes,20.8441536,-76.2052059,12/16/2016
hamlet,nodes,20.8584158,-76.2062788,12/16/2016
hamlet,nodes,20.3462158,-75.6645221,12/16/2016
hamlet,nodes,20.36791,-75.6639341,12/16/2016
hamlet,nodes,20.3205928,-75.6355906,12/16/2016
hamlet,nodes,20.2816482,-75.6213984,12/16/2016
hamlet,nodes,20.3738,-75.6274555,12/16/2016
hamlet,nodes,20.5100163,-75.2746893,12/16/2016
hamlet,nodes,20.5095873,-75.2801317,12/16/2016
hamlet,nodes,20.5386284,-75.2668148,12/16/2016
hamlet,nodes,20.5492724,-75.2543342,12/16/2016
hamlet,nodes,20.5689625,-75.2946925,12/16/2016
hamlet,nodes,20.6064983,-75.2564655,12/16/2016
hamlet,nodes,20.6212028,-75.260364,12/16/2016
hamlet,nodes,20.6052937,-75.329363,12/16/2016
hamlet,nodes,20.5904936,-75.4371687,12/16/2016
hamlet,nodes,20.6424817,-75.439532,12/16/2016
hamlet,nodes,20.6345184,-75.3914374,12/16/2016
hamlet,nodes,20.6508474,-75.3973651,12/16/2016
hamlet,nodes,20.6693405,-75.4333423,12/16/2016
hamlet,nodes,20.6817381,-75.4218031,12/16/2016
hamlet,nodes,20.6654751,-75.4663911,12/16/2016
hamlet,nodes,20.6955306,-75.2773687,12/16/2016
hamlet,nodes,20.6567595,-75.3357411,12/16/2016
hamlet,nodes,20.6413848,-75.2930598,12/16/2016
hamlet,nodes,20.6511692,-75.2702893,12/16/2016
hamlet,nodes,20.6483864,-75.2601294,12/16/2016
hamlet,nodes,20.5698814,-75.2465913,12/16/2016
hamlet,nodes,20.5138833,-75.2459797,12/16/2016
hamlet,nodes,20.6436326,-74.9822046,12/16/2016
hamlet,nodes,20.6417449,-75.0037252,12/16/2016
hamlet,nodes,20.7404925,-75.9920776,12/16/2016
hamlet,nodes,20.7134697,-75.9992659,12/16/2016
hamlet,nodes,20.8361687,-76.2639184,12/16/2016
hamlet,nodes,20.5399274,-76.0023655,12/16/2016
hamlet,nodes,20.5610763,-76.0442982,12/16/2016
hamlet,nodes,20.5581019,-76.073498,12/16/2016
hamlet,nodes,20.5386653,-76.0881277,12/16/2016
hamlet,nodes,20.6082903,-75.980191,12/16/2016
hamlet,nodes,20.58842,-75.9970515,12/16/2016
hamlet,nodes,20.5637519,-75.0989103,12/16/2016
hamlet,nodes,20.4655681,-75.2441319,12/16/2016
hamlet,nodes,20.4533416,-75.2367654,12/16/2016
hamlet,nodes,20.4190603,-75.1772373,12/16/2016
hamlet,nodes,20.4015527,-75.0468689,12/16/2016
hamlet,nodes,20.3774024,-75.0132317,12/16/2016
hamlet,nodes,20.3576727,-75.1223751,12/16/2016
hamlet,nodes,20.3490823,-75.116088,12/16/2016
hamlet,nodes,20.3193334,-75.0355698,12/16/2016
hamlet,nodes,20.3276857,-75.1435662,12/16/2016
hamlet,nodes,20.3826653,-75.2686325,12/16/2016
hamlet,nodes,20.39415,-75.2644053,12/16/2016
hamlet,nodes,20.4273178,-75.25554,12/16/2016
hamlet,nodes,20.4546493,-75.2656925,12/16/2016
hamlet,nodes,20.4885432,-75.2658961,12/16/2016
hamlet,nodes,20.4910206,-75.2524707,12/16/2016
hamlet,nodes,20.4963327,-75.2731127,12/16/2016
hamlet,nodes,20.4197747,-75.1233145,12/16/2016
hamlet,nodes,20.439677,-75.1483325,12/16/2016
hamlet,nodes,20.693978,-75.1925913,12/16/2016
hamlet,nodes,20.7047454,-75.2251734,12/16/2016
hamlet,nodes,20.7171213,-75.2355711,12/16/2016
hamlet,nodes,20.6538294,-75.0695502,12/16/2016
hamlet,nodes,20.6364489,-75.1108552,12/16/2016
hamlet,nodes,20.6284955,-75.0104314,12/16/2016
hamlet,nodes,20.5969646,-75.1092311,12/16/2016
hamlet,nodes,20.6293473,-75.6736912,12/16/2016
hamlet,nodes,20.6302339,-75.6885052,12/16/2016
hamlet,nodes,20.6267397,-75.7035041,12/16/2016
hamlet,nodes,20.6333133,-75.7211577,12/16/2016
hamlet,nodes,20.6726308,-75.7352261,12/16/2016
hamlet,nodes,20.6909094,-75.7212043,12/16/2016
hamlet,nodes,20.6733909,-75.7569363,12/16/2016
hamlet,nodes,20.6122948,-75.7073776,12/16/2016
hamlet,nodes,20.6223215,-75.6999421,12/16/2016
hamlet,nodes,20.6084901,-75.6918245,12/16/2016
hamlet,nodes,20.6133607,-75.6817489,12/16/2016
hamlet,nodes,20.7028836,-75.59405,12/16/2016
hamlet,nodes,20.6706297,-75.6579871,12/16/2016
hamlet,nodes,20.6948631,-75.6977213,12/16/2016
hamlet,nodes,20.6992778,-75.6739977,12/16/2016
hamlet,nodes,20.6901762,-75.66914,12/16/2016
hamlet,nodes,20.7125673,-75.6583025,12/16/2016
hamlet,nodes,20.7177938,-75.6729541,12/16/2016
hamlet,nodes,20.8074543,-76.2903347,12/16/2016
hamlet,nodes,20.921286,-75.7026535,12/16/2016
hamlet,nodes,20.9238167,-75.7305488,12/16/2016
hamlet,nodes,20.9490462,-75.7364516,12/16/2016
hamlet,nodes,20.9646456,-75.7487047,12/16/2016
city,nodes,20.9617915,-75.722894,12/16/2016
hamlet,nodes,20.9410851,-75.6776916,12/16/2016
hamlet,nodes,20.9742072,-75.7467764,12/16/2016
hamlet,nodes,20.9891058,-75.7707281,12/16/2016
hamlet,nodes,20.9890765,-75.7658988,12/16/2016
hamlet,nodes,20.9860789,-75.7689583,12/16/2016
hamlet,nodes,20.9861676,-75.7994246,12/16/2016
hamlet,nodes,20.9667286,-75.7548094,12/16/2016
hamlet,nodes,20.9536648,-75.7761276,12/16/2016
hamlet,nodes,20.953562,-75.810192,12/16/2016
hamlet,nodes,20.9587426,-75.8195272,12/16/2016
hamlet,nodes,20.9480025,-75.8245858,12/16/2016
hamlet,nodes,20.9371335,-75.8791734,12/16/2016
hamlet,nodes,20.9135142,-75.8690878,12/16/2016
hamlet,nodes,20.9121277,-75.8345631,12/16/2016
hamlet,nodes,20.9228625,-75.6750553,12/16/2016
hamlet,nodes,20.920878,-75.9905649,12/16/2016
hamlet,nodes,20.913542,-76.2085319,12/16/2016
hamlet,nodes,20.9695617,-76.0312299,12/16/2016
hamlet,nodes,21.0128132,-76.0351206,12/16/2016
hamlet,nodes,21.0117056,-76.0035682,12/16/2016
hamlet,nodes,21.0132868,-76.0218842,12/16/2016
hamlet,nodes,21.0282597,-76.0302663,12/16/2016
hamlet,nodes,21.0383667,-76.0255788,12/16/2016
hamlet,nodes,20.931327,-75.9630539,12/16/2016
hamlet,nodes,20.9537109,-75.9101747,12/16/2016
hamlet,nodes,20.7308489,-75.5658197,12/16/2016
hamlet,nodes,20.6607944,-75.5840023,12/16/2016
hamlet,nodes,20.7284151,-75.4677244,12/16/2016
hamlet,nodes,20.7235057,-75.4396734,12/16/2016
hamlet,nodes,20.7335405,-75.3957286,12/16/2016
hamlet,nodes,20.7139467,-75.3796956,12/16/2016
hamlet,nodes,20.6985217,-75.4249301,12/16/2016
hamlet,nodes,20.6997363,-75.3963961,12/16/2016
hamlet,nodes,20.7099974,-75.3249639,12/16/2016
hamlet,nodes,20.6779348,-75.3368144,12/16/2016
hamlet,nodes,20.6715724,-75.3552775,12/16/2016
hamlet,nodes,20.6459937,-75.3288516,12/16/2016
hamlet,nodes,20.9248062,-76.9635451,12/16/2016
hamlet,nodes,20.9350214,-76.9237184,12/16/2016
hamlet,nodes,20.9305459,-76.9142366,12/16/2016
hamlet,nodes,20.9269716,-77.4543821,12/16/2016
hamlet,nodes,20.9081615,-77.442297,12/16/2016
hamlet,nodes,20.904296,-77.448646,12/16/2016
hamlet,nodes,20.9005911,-77.364863,12/16/2016
hamlet,nodes,20.9202222,-77.3443001,12/16/2016
hamlet,nodes,20.9214128,-77.3546388,12/16/2016
hamlet,nodes,20.9365064,-77.3383402,12/16/2016
hamlet,nodes,20.930697,-77.3318569,12/16/2016
hamlet,nodes,20.9149809,-77.3290491,12/16/2016
hamlet,nodes,20.9293292,-76.9298736,12/16/2016
city,nodes,20.6559593,-74.9430494,12/16/2016
hamlet,nodes,20.6289989,-74.9215865,12/16/2016
hamlet,nodes,20.3977019,-76.0159516,12/16/2016
hamlet,nodes,20.5115749,-76.0473952,12/16/2016
hamlet,nodes,20.411008,-75.9969079,12/16/2016
hamlet,nodes,20.4567595,-76.0566397,12/16/2016
hamlet,nodes,20.485507,-76.1183721,12/16/2016
hamlet,nodes,20.4991129,-76.1162257,12/16/2016
hamlet,nodes,20.4965856,-76.223301,12/16/2016
hamlet,nodes,20.4929543,-76.224803,12/16/2016
hamlet,nodes,20.5235263,-76.2143583,12/16/2016
hamlet,nodes,20.4175898,-75.9373485,12/16/2016
hamlet,nodes,20.4233612,-75.9579079,12/16/2016
hamlet,nodes,20.5612578,-75.9543228,12/16/2016
hamlet,nodes,20.5303551,-75.9628201,12/16/2016
hamlet,nodes,20.490714,-75.944795,12/16/2016
hamlet,nodes,20.6633609,-75.611136,12/16/2016
hamlet,nodes,20.6608757,-75.6582001,12/16/2016
hamlet,nodes,20.657875,-75.6470949,12/16/2016
hamlet,nodes,20.6535508,-75.63566,12/16/2016
hamlet,nodes,20.6409585,-75.6469932,12/16/2016
hamlet,nodes,20.6877811,-75.6450169,12/16/2016
hamlet,nodes,20.6889654,-75.63991,12/16/2016
hamlet,nodes,20.6564022,-75.5649817,12/16/2016
hamlet,nodes,20.6622909,-75.5744362,12/16/2016
hamlet,nodes,20.6255672,-75.6598531,12/16/2016
hamlet,nodes,20.6156039,-75.6624143,12/16/2016
hamlet,nodes,20.4930445,-75.619272,12/16/2016
hamlet,nodes,20.4580446,-75.5841045,12/16/2016
hamlet,nodes,20.4393104,-75.5729219,12/16/2016
hamlet,nodes,20.4288834,-75.5783516,12/16/2016
hamlet,nodes,20.4116157,-75.6511503,12/16/2016
hamlet,nodes,20.4006284,-75.6259453,12/16/2016
hamlet,nodes,20.4052991,-75.7341803,12/16/2016
hamlet,nodes,20.4081549,-75.7386113,12/16/2016
hamlet,nodes,20.4133836,-75.7374097,12/16/2016
hamlet,nodes,20.4096581,-75.709622,12/16/2016
hamlet,nodes,20.4495424,-75.706178,12/16/2016
hamlet,nodes,20.4537144,-75.6801313,12/16/2016
hamlet,nodes,20.4907331,-75.6625843,12/16/2016
hamlet,nodes,20.4849824,-75.6834265,12/16/2016
hamlet,nodes,20.3623566,-75.6260182,12/16/2016
hamlet,nodes,20.3876533,-75.5450215,12/16/2016
hamlet,nodes,20.4222911,-75.5684065,12/16/2016
hamlet,nodes,20.3447719,-76.4316144,12/16/2016
hamlet,nodes,20.3519398,-76.4147908,12/16/2016
hamlet,nodes,20.3478267,-76.3991065,12/16/2016
hamlet,nodes,20.3369404,-76.3891055,12/16/2016
hamlet,nodes,20.3389877,-76.4125105,12/16/2016
hamlet,nodes,20.3184246,-76.3684452,12/16/2016
hamlet,nodes,20.3532226,-76.3540149,12/16/2016
hamlet,nodes,20.357926,-76.4369401,12/16/2016
hamlet,nodes,20.0898038,-76.7584013,12/16/2016
hamlet,nodes,20.1153637,-76.7555182,12/16/2016
hamlet,nodes,20.1563574,-76.7507804,12/16/2016
hamlet,nodes,20.1635085,-76.7597087,12/16/2016
hamlet,nodes,20.1484001,-76.7522768,12/16/2016
hamlet,nodes,20.1400959,-76.7500642,12/16/2016
hamlet,nodes,20.1378437,-76.7339197,12/16/2016
hamlet,nodes,20.1543566,-76.7318581,12/16/2016
hamlet,nodes,20.1595477,-76.7431337,12/16/2016
hamlet,nodes,20.1010273,-76.7317018,12/16/2016
hamlet,nodes,20.1015908,-76.7157799,12/16/2016
hamlet,nodes,20.0514232,-76.6860645,12/16/2016
hamlet,nodes,20.2858693,-76.8235489,12/16/2016
hamlet,nodes,20.1342741,-76.7636119,12/16/2016
hamlet,nodes,20.1406162,-76.7571438,12/16/2016
hamlet,nodes,20.1485465,-76.7308183,12/16/2016
hamlet,nodes,20.1802293,-76.7257091,12/16/2016
hamlet,nodes,20.1947086,-77.0364839,12/16/2016
hamlet,nodes,20.1686833,-77.0342019,12/16/2016
hamlet,nodes,20.150923,-77.0415219,12/16/2016
hamlet,nodes,20.05737,-77.1245022,12/16/2016
hamlet,nodes,20.0431447,-77.1198484,12/16/2016
hamlet,nodes,20.0366137,-77.1143554,12/16/2016
hamlet,nodes,20.0333044,-77.1178656,12/16/2016
hamlet,nodes,20.0301494,-77.1090685,12/16/2016
hamlet,nodes,20.1750832,-77.0670618,12/16/2016
hamlet,nodes,20.175069,-77.0315127,12/16/2016
hamlet,nodes,20.0177725,-77.1130744,12/16/2016
hamlet,nodes,20.0264547,-77.1195609,12/16/2016
hamlet,nodes,20.1089205,-77.0526623,12/16/2016
hamlet,nodes,20.3185789,-76.0110708,12/16/2016
hamlet,nodes,20.3427458,-76.0002852,12/16/2016
hamlet,nodes,20.3535693,-76.0097197,12/16/2016
hamlet,nodes,20.3603247,-75.9909317,12/16/2016
hamlet,nodes,20.2958185,-76.0247225,12/16/2016
hamlet,nodes,20.3042376,-76.0192217,12/16/2016
hamlet,nodes,20.3166821,-76.0349663,12/16/2016
hamlet,nodes,20.349223,-76.4516317,12/16/2016
hamlet,nodes,20.4863392,-76.446493,12/16/2016
hamlet,nodes,20.5021385,-76.4721649,12/16/2016
hamlet,nodes,20.5607418,-76.4073436,12/16/2016
hamlet,nodes,20.554025,-76.4250827,12/16/2016
hamlet,nodes,20.6001196,-76.4509419,12/16/2016
hamlet,nodes,20.5996992,-76.3971143,12/16/2016
hamlet,nodes,20.5640625,-76.4006751,12/16/2016
hamlet,nodes,20.5837244,-76.328493,12/16/2016
hamlet,nodes,20.5185886,-76.2725317,12/16/2016
hamlet,nodes,20.5667299,-76.5594693,12/16/2016
hamlet,nodes,20.5391062,-76.312927,12/16/2016
hamlet,nodes,20.5847311,-76.5736154,12/16/2016
hamlet,nodes,20.5532597,-76.4492759,12/16/2016
hamlet,nodes,20.5646719,-76.2691942,12/16/2016
hamlet,nodes,20.0548262,-75.5138795,12/16/2016
hamlet,nodes,20.0309374,-75.6182312,12/16/2016
hamlet,nodes,20.0404155,-75.4703029,12/16/2016
hamlet,nodes,20.0473949,-75.3847377,12/16/2016
hamlet,nodes,20.0278665,-75.394559,12/16/2016
hamlet,nodes,20.0695665,-74.8043633,12/16/2016
hamlet,nodes,20.0557541,-74.8469243,12/16/2016
hamlet,nodes,20.0546513,-74.607575,12/16/2016
hamlet,nodes,20.0733455,-74.6495354,12/16/2016
hamlet,nodes,20.0979945,-74.6800187,12/16/2016
hamlet,nodes,20.0528545,-74.7285643,12/16/2016
hamlet,nodes,20.0458411,-75.7482288,12/16/2016
hamlet,nodes,20.0605309,-75.7367904,12/16/2016
hamlet,nodes,20.1441421,-75.862893,12/16/2016
hamlet,nodes,20.0126322,-77.1983148,12/16/2016
hamlet,nodes,20.0093399,-77.1773113,12/16/2016
hamlet,nodes,20.0149504,-77.1499029,12/16/2016
hamlet,nodes,20.0174661,-77.1733459,12/16/2016
hamlet,nodes,19.9187085,-74.9954699,12/16/2016
hamlet,nodes,20.0006791,-75.2060151,12/16/2016
hamlet,nodes,20.4712247,-76.6713953,12/16/2016
hamlet,nodes,20.4939025,-76.6789977,12/16/2016
hamlet,nodes,20.4460643,-76.6813516,12/16/2016
hamlet,nodes,20.4627211,-76.6807079,12/16/2016
hamlet,nodes,20.4355083,-76.6970372,12/16/2016
hamlet,nodes,20.3849064,-76.7250665,12/16/2016
hamlet,nodes,20.3829476,-76.746532,12/16/2016
hamlet,nodes,20.390166,-76.6928915,12/16/2016
hamlet,nodes,20.3773774,-76.6875315,12/16/2016
hamlet,nodes,20.4520246,-76.7721305,12/16/2016
hamlet,nodes,20.4879976,-76.7623226,12/16/2016
hamlet,nodes,20.5076973,-76.8031532,12/16/2016
hamlet,nodes,20.4642273,-76.6967825,12/16/2016
hamlet,nodes,20.2325069,-76.625741,12/16/2016
hamlet,nodes,20.2008213,-76.6207083,12/16/2016
hamlet,nodes,20.3068067,-76.3997088,12/16/2016
hamlet,nodes,20.3110398,-76.4040045,12/16/2016
hamlet,nodes,20.3156012,-76.4565193,12/16/2016
hamlet,nodes,20.3179822,-76.4343025,12/16/2016
hamlet,nodes,20.1842331,-76.6010341,12/16/2016
hamlet,nodes,20.0736845,-76.6097992,12/16/2016
hamlet,nodes,20.0970885,-76.6150312,12/16/2016
hamlet,nodes,20.1118973,-76.596932,12/16/2016
hamlet,nodes,20.027059,-76.4283455,12/16/2016
hamlet,nodes,20.6630739,-76.6343808,12/16/2016
hamlet,nodes,20.8001101,-76.6851175,12/16/2016
hamlet,nodes,20.6564517,-76.6321286,12/16/2016
hamlet,nodes,20.302473,-76.8583327,12/16/2016
hamlet,nodes,20.311359,-76.8871662,12/16/2016
hamlet,nodes,20.3067006,-76.8813888,12/16/2016
hamlet,nodes,20.3142335,-76.9187852,12/16/2016
hamlet,nodes,20.3384302,-76.9220639,12/16/2016
hamlet,nodes,20.3687132,-76.9403165,12/16/2016
hamlet,nodes,20.4111184,-76.8751503,12/16/2016
hamlet,nodes,20.3787191,-76.9179198,12/16/2016
hamlet,nodes,20.4108317,-76.7867992,12/16/2016
hamlet,nodes,20.2925068,-76.839559,12/16/2016
hamlet,nodes,20.3502431,-76.8633485,12/16/2016
hamlet,nodes,20.3916283,-76.9145519,12/16/2016
hamlet,nodes,20.3964129,-76.9026103,12/16/2016
hamlet,nodes,20.3070542,-76.8224419,12/16/2016
hamlet,nodes,20.3073619,-76.8727541,12/16/2016
hamlet,nodes,20.7204254,-77.0640221,12/16/2016
hamlet,nodes,20.6043315,-77.057161,12/16/2016
hamlet,nodes,20.0836624,-76.1008804,12/16/2016
hamlet,nodes,20.0871779,-76.0803664,12/16/2016
hamlet,nodes,20.0648637,-76.0922437,12/16/2016
hamlet,nodes,20.1111204,-76.0881782,12/16/2016
hamlet,nodes,20.1076899,-76.0757008,12/16/2016
hamlet,nodes,20.0985398,-76.1040071,12/16/2016
hamlet,nodes,20.109425,-76.1434122,12/16/2016
hamlet,nodes,20.1050304,-76.1625162,12/16/2016
hamlet,nodes,20.0944147,-76.1716732,12/16/2016
hamlet,nodes,20.1059303,-76.15233,12/16/2016
hamlet,nodes,20.0926992,-76.1476014,12/16/2016
hamlet,nodes,20.0734295,-76.1277562,12/16/2016
hamlet,nodes,20.1346277,-76.2951862,12/16/2016
hamlet,nodes,20.627036,-76.8024716,12/16/2016
hamlet,nodes,20.6567191,-76.6519595,12/16/2016
hamlet,nodes,20.624244,-76.681044,12/16/2016
hamlet,nodes,20.6163073,-76.7126307,12/16/2016
hamlet,nodes,20.5962898,-76.7378534,12/16/2016
hamlet,nodes,20.602584,-76.8413488,12/16/2016
hamlet,nodes,20.5838918,-76.7642677,12/16/2016
hamlet,nodes,20.546623,-76.7599759,12/16/2016
hamlet,nodes,20.5184845,-76.7966526,12/16/2016
hamlet,nodes,20.5212104,-76.7837936,12/16/2016
hamlet,nodes,20.1546667,-77.0222497,12/16/2016
hamlet,nodes,20.1337199,-77.0045024,12/16/2016
hamlet,nodes,20.1246094,-77.0148039,12/16/2016
hamlet,nodes,20.0910084,-76.9433494,12/16/2016
hamlet,nodes,22.6798466,-81.0151899,12/16/2016
hamlet,nodes,22.809797,-80.9774047,12/16/2016
hamlet,nodes,22.4811546,-81.0217452,12/16/2016
hamlet,nodes,22.8526074,-81.0210371,12/16/2016
hamlet,nodes,22.4062819,-81.4450686,12/16/2016
hamlet,nodes,22.2923362,-80.8924221,12/16/2016
hamlet,nodes,22.8120659,-80.3491223,12/16/2016
hamlet,nodes,22.032706,-80.3480715,12/16/2016
hamlet,nodes,22.0975371,-80.3457288,12/16/2016
hamlet,nodes,22.0718442,-80.323994,12/16/2016
hamlet,nodes,22.0700541,-80.3025438,12/16/2016
hamlet,nodes,21.9666538,-80.322966,12/16/2016
hamlet,nodes,21.978538,-80.3193553,12/16/2016
hamlet,nodes,21.9320232,-80.299099,12/16/2016
hamlet,nodes,22.0490679,-80.2893058,12/16/2016
hamlet,nodes,22.0801471,-80.3146074,12/16/2016
hamlet,nodes,21.9257633,-80.2869454,12/16/2016
hamlet,nodes,22.2715014,-80.5895196,12/16/2016
hamlet,nodes,22.2725869,-80.6112996,12/16/2016
hamlet,nodes,22.1924913,-80.473094,12/16/2016
hamlet,nodes,22.2282571,-80.4717953,12/16/2016
hamlet,nodes,22.1567715,-80.5922346,12/16/2016
hamlet,nodes,22.2225165,-80.449136,12/16/2016
hamlet,nodes,22.6937246,-80.3692174,12/16/2016
city,nodes,22.1459864,-80.4530775,12/16/2016
hamlet,nodes,22.0682172,-80.4007779,12/16/2016
hamlet,nodes,22.0649674,-80.4584545,12/16/2016
hamlet,nodes,22.1210351,-80.3784304,12/16/2016
hamlet,nodes,22.8108947,-80.2849577,12/16/2016
hamlet,nodes,22.8641644,-80.3109867,12/16/2016
hamlet,nodes,22.8195537,-80.3054074,12/16/2016
hamlet,nodes,22.7660778,-80.3405648,12/16/2016
hamlet,nodes,22.3713063,-80.3423806,12/16/2016
hamlet,nodes,22.6658075,-80.331355,12/16/2016
hamlet,nodes,22.8029193,-80.3371411,12/16/2016
hamlet,nodes,22.5176314,-80.4461646,12/16/2016
hamlet,nodes,22.526704,-80.4708419,12/16/2016
hamlet,nodes,22.3634881,-80.3808327,12/16/2016
hamlet,nodes,22.3739296,-80.4917556,12/16/2016
hamlet,nodes,22.3912071,-80.4465755,12/16/2016
hamlet,nodes,22.4141401,-80.460548,12/16/2016
hamlet,nodes,22.4107813,-80.437444,12/16/2016
hamlet,nodes,22.4291432,-80.3827982,12/16/2016
hamlet,nodes,22.403904,-80.3861542,12/16/2016
hamlet,nodes,22.4682449,-80.4460914,12/16/2016
hamlet,nodes,22.4615183,-80.4952021,12/16/2016
hamlet,nodes,22.4906339,-80.4382008,12/16/2016
hamlet,nodes,22.4592579,-80.5200664,12/16/2016
hamlet,nodes,22.3956313,-80.5516358,12/16/2016
hamlet,nodes,22.3392668,-80.5242801,12/16/2016
hamlet,nodes,22.379623,-80.3761268,12/16/2016
hamlet,nodes,22.3965391,-80.4686333,12/16/2016
hamlet,nodes,22.376977,-80.6054605,12/16/2016
hamlet,nodes,22.4545612,-80.324442,12/16/2016
hamlet,nodes,22.4444399,-80.2922755,12/16/2016
hamlet,nodes,23.0569003,-80.7777125,12/16/2016
hamlet,nodes,23.0325363,-80.7734105,12/16/2016
hamlet,nodes,23.0449962,-80.7756629,12/16/2016
hamlet,nodes,22.9182457,-80.4116911,12/16/2016
hamlet,nodes,22.9294495,-80.4358508,12/16/2016
hamlet,nodes,22.9449893,-80.4700818,12/16/2016
hamlet,nodes,22.7038696,-80.4664648,12/16/2016
hamlet,nodes,22.6894188,-80.3971768,12/16/2016
hamlet,nodes,22.6557003,-80.4872561,12/16/2016
hamlet,nodes,22.742274,-80.3972175,12/16/2016
hamlet,nodes,22.724079,-80.4367125,12/16/2016
hamlet,nodes,22.6225304,-80.6832474,12/16/2016
hamlet,nodes,22.6526034,-80.7456889,12/16/2016
hamlet,nodes,22.3923035,-80.7419085,12/16/2016
hamlet,nodes,22.4100732,-80.7305845,12/16/2016
hamlet,nodes,22.425673,-80.7193438,12/16/2016
hamlet,nodes,22.422707,-80.8221684,12/16/2016
hamlet,nodes,22.3939777,-80.8060291,12/16/2016
hamlet,nodes,22.2699434,-80.6726176,12/16/2016
hamlet,nodes,22.6994654,-80.3630698,12/16/2016
hamlet,nodes,22.3711674,-80.3566285,12/16/2016
hamlet,nodes,22.3164668,-80.3658975,12/16/2016
hamlet,nodes,22.6689867,-80.3774464,12/16/2016
hamlet,nodes,22.8140444,-80.3783119,12/16/2016
hamlet,nodes,22.8246361,-80.37248,12/16/2016
hamlet,nodes,20.0661904,-74.7837529,12/16/2016
hamlet,nodes,20.054064,-74.6912768,12/16/2016
hamlet,nodes,20.0612805,-74.6910502,12/16/2016
hamlet,nodes,23.1410606,-81.8077509,12/16/2016
hamlet,nodes,23.0276683,-81.8034713,12/16/2016
hamlet,nodes,23.0040053,-81.8261406,12/16/2016
hamlet,nodes,23.0020514,-81.8601179,12/16/2016
hamlet,nodes,23.0050536,-81.8741513,12/16/2016
hamlet,nodes,23.0199155,-81.8695057,12/16/2016
hamlet,nodes,23.0246539,-81.8494662,12/16/2016
hamlet,nodes,23.0039871,-81.8881631,12/16/2016
hamlet,nodes,23.1420438,-81.7250991,12/16/2016
hamlet,nodes,23.136732,-81.6900428,12/16/2016
hamlet,nodes,23.1435014,-81.675163,12/16/2016
hamlet,nodes,23.0022225,-81.6870203,12/16/2016
hamlet,nodes,23.0895357,-81.707941,12/16/2016
hamlet,nodes,23.160911,-81.9853642,12/16/2016
hamlet,nodes,23.0204784,-81.96805,12/16/2016
hamlet,nodes,23.0046783,-81.9917285,12/16/2016
hamlet,nodes,23.0399755,-81.9806921,12/16/2016
hamlet,nodes,23.0351234,-81.9663244,12/16/2016
hamlet,nodes,23.0622104,-81.9757079,12/16/2016
hamlet,nodes,23.1254779,-81.9958772,12/16/2016
hamlet,nodes,23.1256009,-81.9690308,12/16/2016
hamlet,nodes,23.124246,-82.0011865,12/16/2016
hamlet,nodes,22.7089607,-82.0376317,12/16/2016
hamlet,nodes,23.0875722,-81.9563573,12/16/2016
hamlet,nodes,23.121848,-81.9194207,12/16/2016
hamlet,nodes,23.1077229,-81.9499067,12/16/2016
hamlet,nodes,23.0980692,-81.9539362,12/16/2016
hamlet,nodes,23.0010712,-81.9342541,12/16/2016
hamlet,nodes,23.0072015,-81.9360512,12/16/2016
hamlet,nodes,23.0668408,-81.9403589,12/16/2016
hamlet,nodes,23.1132789,-81.7692351,12/16/2016
hamlet,nodes,23.1047581,-81.7890818,12/16/2016
hamlet,nodes,23.0919287,-81.7647758,12/16/2016
hamlet,nodes,23.0580552,-81.7674315,12/16/2016
hamlet,nodes,23.0519871,-81.7905624,12/16/2016
hamlet,nodes,23.1402664,-81.7813561,12/16/2016
hamlet,nodes,22.8059828,-80.1244588,12/16/2016
hamlet,nodes,19.9537967,-77.6165325,12/16/2016
hamlet,nodes,19.9723774,-77.6267388,12/16/2016
hamlet,nodes,21.051866,-78.1997523,12/16/2016
hamlet,nodes,21.0705138,-78.163367,12/16/2016
hamlet,nodes,20.9707929,-78.1699748,12/16/2016
hamlet,nodes,21.0504307,-78.0331195,12/16/2016
hamlet,nodes,21.0596636,-78.0351321,12/16/2016
hamlet,nodes,21.1027612,-77.8950067,12/16/2016
hamlet,nodes,21.0974742,-77.8970978,12/16/2016
hamlet,nodes,21.0161165,-78.0059799,12/16/2016
hamlet,nodes,21.0247319,-77.9402252,12/16/2016
hamlet,nodes,20.8054541,-77.6601224,12/16/2016
hamlet,nodes,22.6620586,-80.088829,12/16/2016
hamlet,nodes,22.605486,-80.1065964,12/16/2016
hamlet,nodes,22.6169441,-80.0957874,12/16/2016
hamlet,nodes,22.5774356,-80.1002079,12/16/2016
hamlet,nodes,22.5644934,-80.0908494,12/16/2016
hamlet,nodes,21.6032233,-77.6525591,12/16/2016
hamlet,nodes,21.4784511,-78.1295854,12/16/2016
hamlet,nodes,21.7961048,-77.9533281,12/16/2016
hamlet,nodes,21.7874352,-78.0567008,12/16/2016
hamlet,nodes,21.7809222,-78.1069013,12/16/2016
hamlet,nodes,21.2786375,-77.6904855,12/16/2016
hamlet,nodes,21.4596645,-78.4972044,12/16/2016
hamlet,nodes,21.3974247,-77.5709523,12/16/2016
hamlet,nodes,21.4566739,-77.6972874,12/16/2016
hamlet,nodes,22.4216825,-79.6032588,12/16/2016
hamlet,nodes,21.3945616,-78.0450466,12/16/2016
hamlet,nodes,21.3995167,-78.0668515,12/16/2016
hamlet,nodes,21.3961947,-78.0677435,12/16/2016
hamlet,nodes,21.3200367,-78.0040979,12/16/2016
hamlet,nodes,21.2312223,-78.3318036,12/16/2016
hamlet,nodes,21.3095721,-78.2313873,12/16/2016
hamlet,nodes,22.4433909,-80.0139421,12/16/2016
hamlet,nodes,22.4456958,-79.9763346,12/16/2016
hamlet,nodes,21.3509417,-78.2315708,12/16/2016
hamlet,nodes,21.2390841,-78.3675867,12/16/2016
hamlet,nodes,21.2169706,-77.9110038,12/16/2016
hamlet,nodes,21.2556623,-77.9038789,12/16/2016
hamlet,nodes,21.2389684,-77.6832189,12/16/2016
hamlet,nodes,22.1104321,-79.2375612,12/16/2016
hamlet,nodes,22.1440124,-80.2463584,12/16/2016
hamlet,nodes,22.1354029,-80.1552568,12/16/2016
hamlet,nodes,22.1557072,-80.0917835,12/16/2016
hamlet,nodes,22.1160232,-80.2456325,12/16/2016
hamlet,nodes,22.1273508,-80.175504,12/16/2016
hamlet,nodes,22.0203054,-78.580393,12/16/2016
hamlet,nodes,22.0193393,-79.2059495,12/16/2016
hamlet,nodes,22.822293,-80.1705889,12/16/2016
hamlet,nodes,22.767554,-80.1767102,12/16/2016
hamlet,nodes,22.0221875,-79.462814,12/16/2016
hamlet,nodes,22.0120721,-79.4125494,12/16/2016
hamlet,nodes,22.0282753,-79.3584859,12/16/2016
hamlet,nodes,22.1368588,-79.4412637,12/16/2016
hamlet,nodes,22.0860367,-79.3422755,12/16/2016
hamlet,nodes,22.1245069,-79.3684672,12/16/2016
hamlet,nodes,22.1022107,-79.465464,12/16/2016
hamlet,nodes,22.0347786,-79.4081023,12/16/2016
hamlet,nodes,22.0546179,-79.4280848,12/16/2016
hamlet,nodes,22.0581181,-79.4547781,12/16/2016
hamlet,nodes,22.0372189,-79.4455111,12/16/2016
hamlet,nodes,22.0612801,-79.3472322,12/16/2016
hamlet,nodes,22.0559015,-79.3511367,12/16/2016
hamlet,nodes,22.1114115,-79.2622898,12/16/2016
hamlet,nodes,22.0992419,-79.2606106,12/16/2016
hamlet,nodes,22.0792366,-79.2782243,12/16/2016
hamlet,nodes,22.0676398,-79.3007507,12/16/2016
hamlet,nodes,22.0442326,-79.2829328,12/16/2016
hamlet,nodes,22.2657093,-79.8228206,12/16/2016
hamlet,nodes,22.2558473,-79.8122881,12/16/2016
hamlet,nodes,22.3528903,-79.8008769,12/16/2016
hamlet,nodes,22.3695724,-79.8349816,12/16/2016
hamlet,nodes,22.3098179,-79.2146776,12/16/2016
hamlet,nodes,22.2589508,-79.226799,12/16/2016
hamlet,nodes,22.2576058,-79.2206528,12/16/2016
hamlet,nodes,22.1348871,-79.2350883,12/16/2016
hamlet,nodes,22.1242629,-79.2192579,12/16/2016
hamlet,nodes,22.7177327,-79.7160521,12/16/2016
hamlet,nodes,22.6734934,-79.6913368,12/16/2016
hamlet,nodes,22.6816893,-79.7050023,12/16/2016
hamlet,nodes,22.6263309,-79.7417307,12/16/2016
hamlet,nodes,22.6253193,-79.7544694,12/16/2016
hamlet,nodes,22.0348483,-79.3109044,12/16/2016
hamlet,nodes,22.0017846,-79.2783878,12/16/2016
hamlet,nodes,22.0130943,-79.269389,12/16/2016
hamlet,nodes,22.0122578,-79.2556645,12/16/2016
hamlet,nodes,22.4285469,-79.526865,12/16/2016
hamlet,nodes,22.3488461,-79.5406328,12/16/2016
hamlet,nodes,22.3432991,-79.5215784,12/16/2016
hamlet,nodes,22.3168909,-79.5323219,12/16/2016
hamlet,nodes,22.2970089,-79.5584534,12/16/2016
hamlet,nodes,22.3045527,-79.5078974,12/16/2016
hamlet,nodes,22.4573211,-79.4734076,12/16/2016
hamlet,nodes,22.6046268,-79.8694119,12/16/2016
hamlet,nodes,22.6074226,-79.8424303,12/16/2016
hamlet,nodes,22.6416877,-79.9785999,12/16/2016
hamlet,nodes,22.6652227,-79.9570234,12/16/2016
hamlet,nodes,22.6855111,-79.9347972,12/16/2016
hamlet,nodes,22.6346789,-79.911418,12/16/2016
hamlet,nodes,21.8673683,-79.2709631,12/16/2016
hamlet,nodes,21.9045134,-79.2422103,12/16/2016
hamlet,nodes,22.6470966,-80.0105312,12/16/2016
hamlet,nodes,22.3785207,-80.014692,12/16/2016
hamlet,nodes,22.4641949,-79.9879357,12/16/2016
hamlet,nodes,22.4460026,-79.6292063,12/16/2016
hamlet,nodes,22.4428072,-79.5512839,12/16/2016
hamlet,nodes,22.3731346,-79.6203876,12/16/2016
hamlet,nodes,22.3670863,-79.6311395,12/16/2016
hamlet,nodes,22.6463585,-79.6450884,12/16/2016
hamlet,nodes,22.2632122,-79.6264092,12/16/2016
hamlet,nodes,22.337405,-79.7604581,12/16/2016
hamlet,nodes,22.3554295,-79.7452053,12/16/2016
hamlet,nodes,22.3084178,-79.0032128,12/16/2016
hamlet,nodes,22.2696827,-79.0437869,12/16/2016
hamlet,nodes,22.2240451,-79.0562184,12/16/2016
hamlet,nodes,22.2214617,-79.0732712,12/16/2016
hamlet,nodes,22.2123116,-79.0429235,12/16/2016
hamlet,nodes,22.2137665,-79.0324029,12/16/2016
hamlet,nodes,22.2076053,-79.0011622,12/16/2016
hamlet,nodes,22.1721979,-79.0234556,12/16/2016
hamlet,nodes,22.1605879,-79.0252904,12/16/2016
hamlet,nodes,22.136313,-79.0221369,12/16/2016
hamlet,nodes,22.1438511,-79.0505912,12/16/2016
hamlet,nodes,22.1557084,-79.0354576,12/16/2016
hamlet,nodes,22.1018996,-79.0550001,12/16/2016
hamlet,nodes,22.0566377,-79.0432919,12/16/2016
hamlet,nodes,22.0579121,-79.036498,12/16/2016
hamlet,nodes,22.0137218,-79.020917,12/16/2016
hamlet,nodes,22.1943512,-79.0702746,12/16/2016
hamlet,nodes,22.1525005,-79.0161648,12/16/2016
hamlet,nodes,22.2822514,-79.1496394,12/16/2016
hamlet,nodes,22.2964899,-79.1727973,12/16/2016
hamlet,nodes,22.1193734,-79.0919261,12/16/2016
hamlet,nodes,22.0180708,-79.0969763,12/16/2016
hamlet,nodes,22.2602323,-79.110084,12/16/2016
hamlet,nodes,21.6329435,-78.0557228,12/16/2016
hamlet,nodes,21.3247289,-77.9039,12/16/2016
hamlet,nodes,22.4000007,-79.6108762,12/16/2016
hamlet,nodes,22.3712754,-79.5118144,12/16/2016
hamlet,nodes,22.3812581,-79.2021562,12/16/2016
hamlet,nodes,22.3811781,-78.998194,12/16/2016
hamlet,nodes,22.1974838,-79.5009522,12/16/2016
hamlet,nodes,22.3147063,-79.5021987,12/16/2016
hamlet,nodes,22.2503106,-79.5097948,12/16/2016
hamlet,nodes,22.2417953,-79.4963193,12/16/2016
hamlet,nodes,22.1477216,-79.47973,12/16/2016
hamlet,nodes,22.5837685,-80.1514113,12/16/2016
hamlet,nodes,21.8750052,-80.1497382,12/16/2016
hamlet,nodes,22.2219377,-79.9669129,12/16/2016
hamlet,nodes,22.2589839,-79.9479174,12/16/2016
hamlet,nodes,22.2718914,-79.9831885,12/16/2016
hamlet,nodes,22.2667484,-79.9882955,12/16/2016
hamlet,nodes,22.283635,-79.9780477,12/16/2016
hamlet,nodes,22.3049395,-79.9854134,12/16/2016
hamlet,nodes,22.2750564,-79.893678,12/16/2016
hamlet,nodes,22.302836,-80.0221277,12/16/2016
hamlet,nodes,22.3077284,-80.0400084,12/16/2016
hamlet,nodes,22.2877561,-80.0446648,12/16/2016
hamlet,nodes,22.2959857,-80.013079,12/16/2016
hamlet,nodes,22.2574879,-80.0342522,12/16/2016
hamlet,nodes,22.7803568,-80.0817772,12/16/2016
hamlet,nodes,21.9508176,-80.2644946,12/16/2016
hamlet,nodes,21.9927287,-80.2307383,12/16/2016
hamlet,nodes,22.1678568,-80.2104639,12/16/2016
hamlet,nodes,22.024864,-80.3119959,12/16/2016
hamlet,nodes,21.9219215,-80.2715063,12/16/2016
hamlet,nodes,22.3069444,-80.1980549,12/16/2016
hamlet,nodes,22.306453,-80.2300376,12/16/2016
hamlet,nodes,21.7852663,-78.2773048,12/16/2016
hamlet,nodes,22.7748742,-80.2550457,12/16/2016
hamlet,nodes,22.7994829,-80.2690422,12/16/2016
hamlet,nodes,22.4055842,-79.8830387,12/16/2016
hamlet,nodes,21.7571133,-79.8467988,12/16/2016
hamlet,nodes,21.9672626,-78.4422377,12/16/2016
hamlet,nodes,21.9633542,-79.0189412,12/16/2016
hamlet,nodes,22.416171,-80.1890314,12/16/2016
hamlet,nodes,22.4338363,-80.2557892,12/16/2016
hamlet,nodes,22.3753173,-80.2905536,12/16/2016
hamlet,nodes,22.4422116,-80.218584,12/16/2016
hamlet,nodes,22.2487861,-80.0696737,12/16/2016
hamlet,nodes,22.2272582,-80.0761877,12/16/2016
hamlet,nodes,22.6008934,-80.0737797,12/16/2016
hamlet,nodes,22.6044775,-80.0637066,12/16/2016
hamlet,nodes,21.9817256,-80.1879411,12/16/2016
hamlet,nodes,22.3991357,-80.1866341,12/16/2016
hamlet,nodes,22.4353962,-80.0728923,12/16/2016
hamlet,nodes,22.5592071,-80.1952968,12/16/2016
hamlet,nodes,22.6029217,-80.2205973,12/16/2016
hamlet,nodes,22.6012171,-80.1659698,12/16/2016
hamlet,nodes,22.5303988,-80.1636738,12/16/2016
hamlet,nodes,22.5318027,-80.1345294,12/16/2016
hamlet,nodes,22.8050951,-79.9633614,12/16/2016
hamlet,nodes,22.4133566,-80.3342804,12/16/2016
hamlet,nodes,22.4162024,-80.324329,12/16/2016
hamlet,nodes,21.8362675,-79.6742598,12/16/2016
hamlet,nodes,21.868342,-79.68074,12/16/2016
hamlet,nodes,22.0220938,-79.7054672,12/16/2016
hamlet,nodes,22.0305933,-79.7123761,12/16/2016
hamlet,nodes,21.8527907,-79.4725901,12/16/2016
hamlet,nodes,21.8618272,-79.4347388,12/16/2016
hamlet,nodes,21.8987091,-79.4567972,12/16/2016
hamlet,nodes,21.904487,-79.4881233,12/16/2016
city,nodes,21.9275667,-79.443211,12/16/2016
hamlet,nodes,21.8360587,-79.0878614,12/16/2016
hamlet,nodes,21.8339491,-79.0502816,12/16/2016
hamlet,nodes,21.8772705,-79.1743846,12/16/2016
hamlet,nodes,21.9042238,-79.1193915,12/16/2016
hamlet,nodes,21.9460878,-79.0922015,12/16/2016
hamlet,nodes,21.9442745,-79.0753038,12/16/2016
hamlet,nodes,21.9417351,-79.0577808,12/16/2016
hamlet,nodes,21.9745908,-79.0887976,12/16/2016
hamlet,nodes,21.96749,-79.1272213,12/16/2016
hamlet,nodes,21.9543392,-79.1834529,12/16/2016
hamlet,nodes,21.956485,-79.1603627,12/16/2016
hamlet,nodes,21.7447552,-79.0284253,12/16/2016
hamlet,nodes,21.9588975,-79.4064224,12/16/2016
hamlet,nodes,21.9326763,-79.4173299,12/16/2016
hamlet,nodes,23.0752806,-81.3659169,12/16/2016
hamlet,nodes,22.3667794,-78.8856186,12/16/2016
hamlet,nodes,22.1103525,-78.9213824,12/16/2016
hamlet,nodes,22.1065482,-78.9276562,12/16/2016
hamlet,nodes,22.1045172,-78.9362073,12/16/2016
hamlet,nodes,22.1412793,-78.9897893,12/16/2016
hamlet,nodes,22.1828195,-78.9089693,12/16/2016
hamlet,nodes,22.1764288,-78.9276938,12/16/2016
hamlet,nodes,22.2061685,-78.9161584,12/16/2016
hamlet,nodes,22.1778867,-78.9123183,12/16/2016
hamlet,nodes,22.1025131,-78.6698832,12/16/2016
hamlet,nodes,22.1041221,-78.6604105,12/16/2016
hamlet,nodes,22.1049949,-78.6769474,12/16/2016
hamlet,nodes,22.1165134,-78.7012559,12/16/2016
hamlet,nodes,22.0689868,-78.695873,12/16/2016
hamlet,nodes,22.0653226,-78.6289285,12/16/2016
hamlet,nodes,22.0517926,-78.6237456,12/16/2016
hamlet,nodes,22.0526225,-78.5434082,12/16/2016
hamlet,nodes,22.0578604,-78.4737029,12/16/2016
hamlet,nodes,22.0780008,-78.4452255,12/16/2016
hamlet,nodes,22.0793444,-78.4854388,12/16/2016
hamlet,nodes,22.0363742,-78.5587424,12/16/2016
hamlet,nodes,22.0955582,-78.5575539,12/16/2016
hamlet,nodes,22.0742242,-78.5205937,12/16/2016
hamlet,nodes,22.0749004,-78.5332821,12/16/2016
hamlet,nodes,22.0849862,-78.5360688,12/16/2016
hamlet,nodes,22.071726,-78.5851139,12/16/2016
hamlet,nodes,22.0700936,-78.6006817,12/16/2016
city,nodes,22.1067153,-78.6269737,12/16/2016
hamlet,nodes,22.0920475,-78.4905457,12/16/2016
hamlet,nodes,22.0869881,-78.3970104,12/16/2016
hamlet,nodes,22.073534,-78.4109121,12/16/2016
hamlet,nodes,22.0736758,-78.4242949,12/16/2016
hamlet,nodes,22.0725281,-78.3773038,12/16/2016
hamlet,nodes,22.1023715,-78.3485212,12/16/2016
hamlet,nodes,22.1259567,-78.6363455,12/16/2016
hamlet,nodes,22.1683304,-78.6321643,12/16/2016
hamlet,nodes,22.2135786,-78.5707627,12/16/2016
hamlet,nodes,22.2405997,-78.5976165,12/16/2016
hamlet,nodes,22.2457575,-78.4796051,12/16/2016
hamlet,nodes,22.254236,-78.4575035,12/16/2016
hamlet,nodes,21.8227249,-78.3625917,12/16/2016
hamlet,nodes,21.8420042,-78.4288446,12/16/2016
hamlet,nodes,21.9352355,-78.3872822,12/16/2016
hamlet,nodes,21.9282508,-78.3861606,12/16/2016
hamlet,nodes,21.9178719,-78.3815221,12/16/2016
hamlet,nodes,21.9209245,-78.3969504,12/16/2016
hamlet,nodes,21.8941398,-78.4280485,12/16/2016
hamlet,nodes,21.8950502,-78.42061,12/16/2016
hamlet,nodes,21.8883414,-78.4264091,12/16/2016
hamlet,nodes,21.88712,-78.3987108,12/16/2016
hamlet,nodes,21.8884432,-78.3840739,12/16/2016
hamlet,nodes,21.8785398,-78.3883702,12/16/2016
hamlet,nodes,21.8967566,-78.359658,12/16/2016
hamlet,nodes,21.3716866,-77.3521509,12/16/2016
hamlet,nodes,21.343859,-77.3824201,12/16/2016
hamlet,nodes,21.3557542,-77.3605026,12/16/2016
hamlet,nodes,21.4913228,-77.334,12/16/2016
hamlet,nodes,21.459537,-77.4323676,12/16/2016
hamlet,nodes,21.3884015,-78.3864032,12/16/2016
hamlet,nodes,21.4192038,-77.927978,12/16/2016
hamlet,nodes,21.388438,-77.4019405,12/16/2016
hamlet,nodes,21.398159,-77.383724,12/16/2016
hamlet,nodes,21.5422097,-77.2362131,12/16/2016
hamlet,nodes,21.2396384,-77.7482464,12/16/2016
hamlet,nodes,21.2683043,-77.7519686,12/16/2016
hamlet,nodes,21.3560731,-77.8176834,12/16/2016
hamlet,nodes,21.3242287,-77.7431309,12/16/2016
hamlet,nodes,21.3484229,-77.810905,12/16/2016
hamlet,nodes,21.4702287,-77.5153555,12/16/2016
hamlet,nodes,21.3988291,-77.0954951,12/16/2016
hamlet,nodes,21.4282741,-77.1382802,12/16/2016
hamlet,nodes,21.4852839,-77.6411708,12/16/2016
hamlet,nodes,21.4041776,-77.6740456,12/16/2016
hamlet,nodes,21.4202588,-77.6856113,12/16/2016
hamlet,nodes,21.4185596,-77.3094231,12/16/2016
hamlet,nodes,21.3985682,-77.3693118,12/16/2016
hamlet,nodes,21.387279,-77.2946006,12/16/2016
hamlet,nodes,21.3848916,-77.8640449,12/16/2016
hamlet,nodes,21.3793891,-77.6633673,12/16/2016
hamlet,nodes,21.3966716,-77.2345065,12/16/2016
hamlet,nodes,21.4162667,-77.2165899,12/16/2016
hamlet,nodes,21.414511,-77.1738317,12/16/2016
hamlet,nodes,21.4675332,-77.7069617,12/16/2016
hamlet,nodes,21.4872237,-77.6636962,12/16/2016
hamlet,nodes,21.4413314,-77.6489187,12/16/2016
hamlet,nodes,21.9492522,-79.1188347,12/16/2016
hamlet,nodes,21.9685049,-79.1056135,12/16/2016
hamlet,nodes,21.9969577,-79.1281033,12/16/2016
hamlet,nodes,21.950276,-79.1473315,12/16/2016
hamlet,nodes,21.9737981,-79.1470911,12/16/2016
hamlet,nodes,22.1221022,-78.8844987,12/16/2016
hamlet,nodes,22.1205559,-78.8891579,12/16/2016
hamlet,nodes,22.1783623,-78.897012,12/16/2016
hamlet,nodes,22.2068085,-78.8407715,12/16/2016
hamlet,nodes,22.1761009,-78.8398597,12/16/2016
hamlet,nodes,22.1699311,-78.8207633,12/16/2016
hamlet,nodes,22.1547616,-78.8379462,12/16/2016
hamlet,nodes,22.2683222,-78.8345111,12/16/2016
hamlet,nodes,22.2525009,-78.8550702,12/16/2016
hamlet,nodes,21.9995347,-79.0016475,12/16/2016
hamlet,nodes,22.0237805,-78.9966582,12/16/2016
hamlet,nodes,22.0407014,-78.9985049,12/16/2016
hamlet,nodes,22.0562786,-78.8934667,12/16/2016
hamlet,nodes,22.0730522,-78.9085278,12/16/2016
hamlet,nodes,22.0811031,-78.9486729,12/16/2016
hamlet,nodes,22.0770589,-78.9744912,12/16/2016
hamlet,nodes,22.0709935,-78.9953968,12/16/2016
hamlet,nodes,21.9853923,-79.40034,12/16/2016
hamlet,nodes,21.9680451,-78.4567246,12/16/2016
hamlet,nodes,21.9306691,-78.5799753,12/16/2016
hamlet,nodes,21.8084685,-79.3416915,12/16/2016
hamlet,nodes,21.775503,-79.0763935,12/16/2016
hamlet,nodes,21.7837093,-79.4894141,12/16/2016
hamlet,nodes,21.7937879,-79.3350893,12/16/2016
hamlet,nodes,21.5216863,-77.3317505,12/16/2016
hamlet,nodes,22.1330937,-78.8283462,12/16/2016
hamlet,nodes,21.9216322,-79.4933614,12/16/2016
hamlet,nodes,21.8506767,-79.545121,12/16/2016
hamlet,nodes,21.8156472,-79.5730957,12/16/2016
hamlet,nodes,21.8035108,-79.5856819,12/16/2016
hamlet,nodes,21.7970575,-79.6175729,12/16/2016
hamlet,nodes,21.807393,-79.6929572,12/16/2016
hamlet,nodes,21.7895623,-79.8223518,12/16/2016
hamlet,nodes,21.8505756,-79.3064323,12/16/2016
hamlet,nodes,21.9527112,-79.3573061,12/16/2016
hamlet,nodes,21.9318701,-79.3472799,12/16/2016
hamlet,nodes,21.9943069,-79.3752337,12/16/2016
hamlet,nodes,21.9962965,-79.3820465,12/16/2016
hamlet,nodes,21.9830155,-78.5868681,12/16/2016
hamlet,nodes,21.9546685,-78.6070061,12/16/2016
hamlet,nodes,21.9599418,-78.5221125,12/16/2016
hamlet,nodes,21.944876,-78.5274532,12/16/2016
hamlet,nodes,21.9216694,-78.5355719,12/16/2016
hamlet,nodes,21.9183038,-78.5286502,12/16/2016
hamlet,nodes,21.9133372,-78.6642216,12/16/2016
hamlet,nodes,21.9808872,-78.6321948,12/16/2016
hamlet,nodes,22.0045044,-78.3879071,12/16/2016
hamlet,nodes,21.9130863,-78.3598819,12/16/2016
hamlet,nodes,22.0143583,-78.593776,12/16/2016
hamlet,nodes,21.7053486,-77.9576342,12/16/2016
hamlet,nodes,21.8010253,-77.9535746,12/16/2016
hamlet,nodes,21.7893532,-77.9510851,12/16/2016
hamlet,nodes,22.0303644,-78.0280649,12/16/2016
hamlet,nodes,21.0944173,-76.4080813,12/16/2016
hamlet,nodes,21.1018791,-76.3963223,12/16/2016
hamlet,nodes,21.0816329,-76.3983159,12/16/2016
hamlet,nodes,21.0721302,-76.3907244,12/16/2016
hamlet,nodes,21.1284579,-76.4109525,12/16/2016
hamlet,nodes,21.1412785,-76.4091634,12/16/2016
hamlet,nodes,21.1375137,-76.3902454,12/16/2016
hamlet,nodes,21.1158698,-77.0828515,12/16/2016
hamlet,nodes,21.1086504,-77.0537228,12/16/2016
hamlet,nodes,21.1036602,-77.0284382,12/16/2016
hamlet,nodes,21.0474152,-77.0854627,12/16/2016
hamlet,nodes,21.0300585,-77.0930366,12/16/2016
hamlet,nodes,21.4093949,-77.7746834,12/16/2016
hamlet,nodes,21.4186869,-77.7758772,12/16/2016
hamlet,nodes,21.3978007,-77.7795618,12/16/2016
hamlet,nodes,21.6769846,-77.814405,12/16/2016
hamlet,nodes,21.7661767,-77.7688669,12/16/2016
hamlet,nodes,21.7746889,-77.8141122,12/16/2016
hamlet,nodes,21.2764499,-76.7050107,12/16/2016
hamlet,nodes,21.239229,-76.7914674,12/16/2016
hamlet,nodes,21.574633,-78.2099176,12/16/2016
hamlet,nodes,21.6607693,-78.2143444,12/16/2016
hamlet,nodes,21.911797,-78.2332138,12/16/2016
hamlet,nodes,21.7544868,-78.2746784,12/16/2016
hamlet,nodes,21.7634547,-78.2705205,12/16/2016
hamlet,nodes,21.8771119,-78.304682,12/16/2016
hamlet,nodes,21.7349506,-78.2510248,12/16/2016
hamlet,nodes,21.6991996,-78.3034952,12/16/2016
hamlet,nodes,21.6579395,-78.3143869,12/16/2016
hamlet,nodes,21.6501863,-78.2687808,12/16/2016
hamlet,nodes,21.6707417,-78.3123981,12/16/2016
hamlet,nodes,21.7775621,-78.2293762,12/16/2016
hamlet,nodes,21.4871163,-77.8511963,12/16/2016
hamlet,nodes,21.4313885,-77.8206514,12/16/2016
hamlet,nodes,21.6091895,-77.8432217,12/16/2016
hamlet,nodes,21.5938536,-77.8183087,12/16/2016
hamlet,nodes,21.7278897,-77.8562447,12/16/2016
hamlet,nodes,21.6719896,-77.9316111,12/16/2016
hamlet,nodes,21.9117631,-77.928226,12/16/2016
hamlet,nodes,21.2335323,-77.7010095,12/16/2016
hamlet,nodes,21.3056031,-77.6824245,12/16/2016
hamlet,nodes,21.2650264,-77.6886048,12/16/2016
hamlet,nodes,21.2740086,-77.7388609,12/16/2016
hamlet,nodes,21.2923488,-78.4869667,12/16/2016
hamlet,nodes,21.3601139,-77.9600573,12/16/2016
hamlet,nodes,21.3723036,-77.4244909,12/16/2016
hamlet,nodes,21.6414172,-77.8862395,12/16/2016
hamlet,nodes,21.3600549,-77.6658092,12/16/2016
hamlet,nodes,21.305552,-77.0534759,12/16/2016
hamlet,nodes,21.0424004,-77.7999487,12/16/2016
hamlet,nodes,21.0140411,-77.7419897,12/16/2016
hamlet,nodes,21.1402143,-77.6939906,12/16/2016
hamlet,nodes,21.1744573,-77.7113031,12/16/2016
hamlet,nodes,21.1990626,-77.6533713,12/16/2016
hamlet,nodes,21.0170998,-77.609147,12/16/2016
hamlet,nodes,21.0392014,-77.6084818,12/16/2016
hamlet,nodes,21.0896822,-77.5905509,12/16/2016
hamlet,nodes,21.074958,-77.583094,12/16/2016
hamlet,nodes,21.1154561,-77.5706238,12/16/2016
hamlet,nodes,21.1015106,-77.5927137,12/16/2016
hamlet,nodes,21.1540177,-77.5820037,12/16/2016
hamlet,nodes,21.1789556,-77.6101126,12/16/2016
hamlet,nodes,21.2130117,-77.5745125,12/16/2016
hamlet,nodes,21.1941663,-77.5721282,12/16/2016
hamlet,nodes,21.2216782,-77.5982458,12/16/2016
hamlet,nodes,21.2438935,-77.6213731,12/16/2016
hamlet,nodes,21.2017233,-77.6300682,12/16/2016
hamlet,nodes,21.6841343,-79.640376,12/16/2016
hamlet,nodes,21.742567,-79.6686003,12/16/2016
hamlet,nodes,21.7132093,-79.6469005,12/16/2016
hamlet,nodes,21.714624,-79.6141929,12/16/2016
hamlet,nodes,21.7392507,-79.5626509,12/16/2016
hamlet,nodes,21.7341631,-79.5764214,12/16/2016
hamlet,nodes,21.6984536,-79.1952811,12/16/2016
hamlet,nodes,21.7121161,-79.3010574,12/16/2016
hamlet,nodes,21.6721798,-79.4560715,12/16/2016
hamlet,nodes,21.6828879,-79.4791347,12/16/2016
hamlet,nodes,21.6903621,-79.4305908,12/16/2016
hamlet,nodes,21.7680707,-79.413311,12/16/2016
hamlet,nodes,21.7680438,-79.3379646,12/16/2016
hamlet,nodes,21.7514836,-79.1586373,12/16/2016
hamlet,nodes,21.7585881,-79.5926327,12/16/2016
hamlet,nodes,21.7655906,-79.7304038,12/16/2016
hamlet,nodes,21.6637628,-79.4681763,12/16/2016
hamlet,nodes,21.7436356,-79.3550205,12/16/2016
hamlet,nodes,21.7087521,-79.4112396,12/16/2016
hamlet,nodes,21.6939042,-79.5259208,12/16/2016
hamlet,nodes,21.8433702,-79.092167,12/16/2016
hamlet,nodes,21.9175038,-79.0880106,12/16/2016
hamlet,nodes,21.6479107,-77.6687293,12/16/2016
hamlet,nodes,21.6431509,-77.6652919,12/16/2016
hamlet,nodes,21.5513709,-77.6330208,12/16/2016
hamlet,nodes,21.5448657,-77.6712798,12/16/2016
hamlet,nodes,21.5629494,-77.6911036,12/16/2016
hamlet,nodes,21.6115685,-77.6407289,12/16/2016
hamlet,nodes,21.9931545,-77.6351241,12/16/2016
hamlet,nodes,22.0952615,-78.8478932,12/16/2016
hamlet,nodes,22.0697553,-78.7247918,12/16/2016
hamlet,nodes,21.6284516,-77.5782202,12/16/2016
hamlet,nodes,21.6776873,-77.5778743,12/16/2016
hamlet,nodes,21.6316482,-77.5575137,12/16/2016
hamlet,nodes,21.224706,-76.7600152,12/16/2016
hamlet,nodes,21.2207916,-76.7354505,12/16/2016
hamlet,nodes,21.2303583,-76.7093929,12/16/2016
hamlet,nodes,21.2213388,-76.7155335,12/16/2016
hamlet,nodes,21.0672419,-76.3652544,12/16/2016
hamlet,nodes,21.0762926,-76.3243915,12/16/2016
hamlet,nodes,21.073281,-76.3385195,12/16/2016
hamlet,nodes,21.0465093,-76.2847937,12/16/2016
hamlet,nodes,21.0469071,-76.3335554,12/16/2016
hamlet,nodes,21.0283302,-76.3268007,12/16/2016
hamlet,nodes,21.0268154,-76.34095,12/16/2016
hamlet,nodes,21.4105931,-77.2919492,12/16/2016
hamlet,nodes,21.1831098,-76.4177088,12/16/2016
hamlet,nodes,21.1618252,-76.4056756,12/16/2016
hamlet,nodes,21.1576955,-76.3903816,12/16/2016
hamlet,nodes,21.2099983,-76.4101728,12/16/2016
hamlet,nodes,21.2255317,-76.4245784,12/16/2016
hamlet,nodes,21.4081994,-77.5208133,12/16/2016
hamlet,nodes,21.2540068,-77.4648732,12/16/2016
hamlet,nodes,21.302299,-77.509818,12/16/2016
hamlet,nodes,21.3004553,-77.0326889,12/16/2016
hamlet,nodes,21.2346083,-77.0143555,12/16/2016
hamlet,nodes,21.2236159,-77.0253559,12/16/2016
hamlet,nodes,21.2338894,-77.0230321,12/16/2016
hamlet,nodes,21.2213595,-77.0917199,12/16/2016
hamlet,nodes,21.1994444,-77.0740882,12/16/2016
hamlet,nodes,21.1929418,-77.0746332,12/16/2016
hamlet,nodes,21.2022575,-77.0555413,12/16/2016
hamlet,nodes,21.2037895,-77.0486601,12/16/2016
hamlet,nodes,21.2064651,-77.0376228,12/16/2016
hamlet,nodes,21.2097843,-77.0278802,12/16/2016
hamlet,nodes,21.1633424,-77.0083268,12/16/2016
hamlet,nodes,21.159376,-77.0072866,12/16/2016
hamlet,nodes,21.1487287,-77.0045885,12/16/2016
hamlet,nodes,21.1406637,-77.0104694,12/16/2016
hamlet,nodes,21.1369411,-77.0453703,12/16/2016
hamlet,nodes,21.1295007,-77.051577,12/16/2016
hamlet,nodes,21.180262,-77.0787398,12/16/2016
hamlet,nodes,21.1612638,-76.9971917,12/16/2016
hamlet,nodes,21.2866429,-76.9853292,12/16/2016
hamlet,nodes,21.2398453,-77.0091853,12/16/2016
hamlet,nodes,21.2561962,-76.9880861,12/16/2016
hamlet,nodes,21.1504743,-77.0448306,12/16/2016
hamlet,nodes,21.1610304,-77.0411452,12/16/2016
hamlet,nodes,21.254338,-77.0378897,12/16/2016
hamlet,nodes,21.2712296,-77.0133272,12/16/2016
hamlet,nodes,21.3017732,-77.0173542,12/16/2016
hamlet,nodes,21.2267536,-77.0518054,12/16/2016
hamlet,nodes,21.2449022,-77.0374491,12/16/2016
hamlet,nodes,21.3577354,-77.1696165,12/16/2016
hamlet,nodes,21.3492464,-77.174186,12/16/2016
hamlet,nodes,21.3636918,-77.168348,12/16/2016
hamlet,nodes,21.3136022,-77.1725125,12/16/2016
hamlet,nodes,21.3317568,-77.1729828,12/16/2016
hamlet,nodes,21.3293065,-77.1532512,12/16/2016
hamlet,nodes,21.2633558,-77.1672769,12/16/2016
hamlet,nodes,21.1263346,-77.0955317,12/16/2016
hamlet,nodes,21.1652226,-77.1140069,12/16/2016
hamlet,nodes,21.1750227,-77.1006901,12/16/2016
hamlet,nodes,21.1866048,-77.1332871,12/16/2016
hamlet,nodes,21.1674834,-77.1870286,12/16/2016
hamlet,nodes,21.1678646,-77.217515,12/16/2016
hamlet,nodes,21.2118043,-77.1678299,12/16/2016
hamlet,nodes,21.2198096,-77.1853142,12/16/2016
hamlet,nodes,21.177088,-77.0976014,12/16/2016
hamlet,nodes,21.1073593,-76.8202904,12/16/2016
hamlet,nodes,21.1018644,-76.8380559,12/16/2016
hamlet,nodes,21.1189695,-76.8946411,12/16/2016
hamlet,nodes,21.1266755,-76.9003641,12/16/2016
hamlet,nodes,21.1294018,-76.9058758,12/16/2016
hamlet,nodes,21.1483427,-76.9150191,12/16/2016
hamlet,nodes,21.2245499,-76.8814077,12/16/2016
hamlet,nodes,21.1974581,-76.8805291,12/16/2016
hamlet,nodes,21.2370924,-76.8622935,12/16/2016
hamlet,nodes,21.2383723,-76.8712703,12/16/2016
hamlet,nodes,21.2331542,-76.8241982,12/16/2016
hamlet,nodes,21.2150384,-76.7823073,12/16/2016
hamlet,nodes,21.18907,-76.8323178,12/16/2016
hamlet,nodes,21.1744729,-76.8325151,12/16/2016
hamlet,nodes,21.2001549,-76.8453083,12/16/2016
hamlet,nodes,21.2340227,-76.8392352,12/16/2016
hamlet,nodes,21.1083115,-76.8327021,12/16/2016
hamlet,nodes,21.238218,-76.8000234,12/16/2016
hamlet,nodes,21.1081464,-76.8470037,12/16/2016
hamlet,nodes,21.1704769,-76.8865726,12/16/2016
hamlet,nodes,21.1163984,-76.8241869,12/16/2016
hamlet,nodes,21.4847592,-77.9420543,12/16/2016
hamlet,nodes,21.3531852,-78.28532,12/16/2016
hamlet,nodes,21.3472268,-78.3124373,12/16/2016
hamlet,nodes,21.3558074,-78.2761921,12/16/2016
hamlet,nodes,21.3513892,-78.3573504,12/16/2016
hamlet,nodes,21.3422899,-78.4222903,12/16/2016
hamlet,nodes,21.3707721,-78.2497652,12/16/2016
hamlet,nodes,21.3688362,-78.132899,12/16/2016
hamlet,nodes,21.3468007,-78.0482715,12/16/2016
hamlet,nodes,21.3637216,-78.0270774,12/16/2016
hamlet,nodes,21.3784226,-78.1239839,12/16/2016
hamlet,nodes,21.7948789,-77.8256876,12/16/2016
city,nodes,22.5243036,-79.4719441,12/16/2016
hamlet,nodes,22.3824225,-79.585642,12/16/2016
hamlet,nodes,22.705564,-79.6686404,12/16/2016
hamlet,nodes,22.6167185,-79.6749756,12/16/2016
hamlet,nodes,22.6008175,-79.7709856,12/16/2016
hamlet,nodes,22.7170287,-79.7293121,12/16/2016
hamlet,nodes,22.6166197,-79.7498227,12/16/2016
hamlet,nodes,23.0462876,-82.1836629,12/16/2016
hamlet,nodes,23.0661644,-82.2273897,12/16/2016
hamlet,nodes,22.894991,-80.6388091,12/16/2016
hamlet,nodes,22.4860994,-80.850788,12/16/2016
hamlet,nodes,22.4807778,-80.9519384,12/16/2016
hamlet,nodes,22.336549,-80.9957663,12/16/2016
hamlet,nodes,22.967778,-80.9438378,12/16/2016
hamlet,nodes,22.4260904,-80.8940375,12/16/2016
hamlet,nodes,22.9289545,-83.0818554,12/16/2016
hamlet,nodes,22.9746908,-82.9517788,12/16/2016
hamlet,nodes,22.9267741,-82.9366586,12/16/2016
hamlet,nodes,22.9456031,-82.8967614,12/16/2016
hamlet,nodes,22.7652227,-83.016185,12/16/2016
hamlet,nodes,22.7598746,-82.9101457,12/16/2016
hamlet,nodes,22.7480807,-82.8160619,12/16/2016
hamlet,nodes,22.8084125,-82.8642657,12/16/2016
hamlet,nodes,22.7521246,-83.1873331,12/16/2016
hamlet,nodes,22.6306126,-83.4046134,12/16/2016
hamlet,nodes,22.7019917,-83.2758396,12/16/2016
hamlet,nodes,22.6719239,-83.1446858,12/16/2016
hamlet,nodes,22.7274366,-83.2378537,12/16/2016
hamlet,nodes,22.9281209,-82.4601075,12/16/2016
hamlet,nodes,22.4325107,-83.7051098,12/16/2016
hamlet,nodes,22.4265651,-83.918713,12/16/2016
hamlet,nodes,22.3416739,-83.6795084,12/16/2016
hamlet,nodes,22.4608276,-83.6443703,12/16/2016
hamlet,nodes,22.2579036,-83.8021864,12/16/2016
hamlet,nodes,22.7586812,-81.2719524,12/16/2016
hamlet,nodes,22.7927277,-81.0591014,12/16/2016
hamlet,nodes,22.7545196,-81.0456635,12/16/2016
hamlet,nodes,22.9391048,-81.3757451,12/16/2016
hamlet,nodes,22.8572491,-81.2582056,12/16/2016
hamlet,nodes,22.9637922,-81.7787779,12/16/2016
hamlet,nodes,22.9475237,-81.9529533,12/16/2016
hamlet,nodes,22.8162752,-82.0160738,12/16/2016
hamlet,nodes,22.779721,-82.1273772,12/16/2016
hamlet,nodes,22.7723631,-82.1402542,12/16/2016
hamlet,nodes,22.8158133,-82.0434538,12/16/2016
hamlet,nodes,23.0708865,-81.6162771,12/16/2016
hamlet,nodes,22.4116319,-81.6420208,12/16/2016
hamlet,nodes,22.7231884,-81.5870261,12/16/2016
hamlet,nodes,22.8015147,-82.2316607,12/16/2016
hamlet,nodes,22.7691881,-82.1567016,12/16/2016
hamlet,nodes,22.912147,-82.2923414,12/16/2016
hamlet,nodes,22.9330415,-82.1617012,12/16/2016
hamlet,nodes,21.915484,-84.0472432,12/16/2016
hamlet,nodes,22.1888281,-84.0909646,12/16/2016
hamlet,nodes,22.2164208,-84.0640372,12/16/2016
hamlet,nodes,22.4191403,-83.5814367,12/16/2016
hamlet,nodes,22.3492388,-83.6641039,12/16/2016
hamlet,nodes,22.4910652,-83.5802933,12/16/2016
hamlet,nodes,22.4837398,-83.6080709,12/16/2016
hamlet,nodes,22.3722883,-83.4942146,12/16/2016
hamlet,nodes,21.6338036,-82.7575878,12/16/2016
hamlet,nodes,21.705633,-82.7608195,12/16/2016
hamlet,nodes,21.8356295,-82.8493766,12/16/2016
hamlet,nodes,21.6816117,-82.7658651,12/16/2016
hamlet,nodes,21.8247763,-82.9445217,12/16/2016
hamlet,nodes,21.7044666,-82.8252534,12/16/2016
hamlet,nodes,21.7641268,-82.7867853,12/16/2016
hamlet,nodes,22.7171319,-81.5647317,12/16/2016
hamlet,nodes,22.6931406,-81.5799129,12/16/2016
hamlet,nodes,22.7331237,-81.575203,12/16/2016
hamlet,nodes,23.0404221,-82.5696205,12/16/2016
hamlet,nodes,23.0094424,-82.6410918,12/16/2016
hamlet,nodes,23.0071934,-82.6268261,12/16/2016
hamlet,nodes,23.0085396,-82.617681,12/16/2016
hamlet,nodes,22.8993189,-82.6252985,12/16/2016
hamlet,nodes,22.9606923,-83.2037008,12/16/2016
hamlet,nodes,22.7875062,-83.2491962,12/16/2016
hamlet,nodes,22.8306363,-83.2000927,12/16/2016
hamlet,nodes,22.8592955,-83.2462728,12/16/2016
hamlet,nodes,22.862176,-83.2806829,12/16/2016
hamlet,nodes,22.8264097,-83.2566062,12/16/2016
hamlet,nodes,22.8027345,-83.2665172,12/16/2016
hamlet,nodes,22.757503,-83.3149044,12/16/2016
hamlet,nodes,22.8753245,-83.2624576,12/16/2016
hamlet,nodes,22.8874832,-83.2648874,12/16/2016
hamlet,nodes,22.9156533,-83.2798794,12/16/2016
hamlet,nodes,22.9218589,-83.2559984,12/16/2016
hamlet,nodes,22.9427244,-83.2758951,12/16/2016
hamlet,nodes,22.7456427,-83.2831276,12/16/2016
hamlet,nodes,22.6826777,-83.1983364,12/16/2016
hamlet,nodes,22.9863178,-82.8778689,12/16/2016
hamlet,nodes,22.9789235,-83.0332235,12/16/2016
hamlet,nodes,22.971311,-83.0251237,12/16/2016
hamlet,nodes,22.9795722,-83.0175233,12/16/2016
hamlet,nodes,22.9709845,-83.1538097,12/16/2016
hamlet,nodes,22.7708039,-83.1209299,12/16/2016
hamlet,nodes,22.7250805,-83.0730045,12/16/2016
hamlet,nodes,22.7212002,-83.0649334,12/16/2016
hamlet,nodes,22.7295103,-83.0359008,12/16/2016
hamlet,nodes,22.7347174,-83.0381656,12/16/2016
hamlet,nodes,22.7398409,-83.0127621,12/16/2016
hamlet,nodes,22.7296653,-83.0009661,12/16/2016
hamlet,nodes,22.7200922,-83.0197711,12/16/2016
hamlet,nodes,22.8312706,-83.0976212,12/16/2016
hamlet,nodes,22.8572644,-82.8554883,12/16/2016
hamlet,nodes,22.9359546,-83.0933533,12/16/2016
hamlet,nodes,22.717341,-82.8645074,12/16/2016
hamlet,nodes,22.9680904,-82.9584086,12/16/2016
hamlet,nodes,22.9848467,-82.9757969,12/16/2016
hamlet,nodes,22.9350922,-82.8912298,12/16/2016
hamlet,nodes,22.8007018,-83.1372729,12/16/2016
hamlet,nodes,22.6767428,-83.1356204,12/16/2016
hamlet,nodes,22.7015798,-83.1649717,12/16/2016
hamlet,nodes,22.6977519,-83.1442717,12/16/2016
hamlet,nodes,22.6756294,-83.1379599,12/16/2016
hamlet,nodes,22.6719052,-82.9275766,12/16/2016
hamlet,nodes,22.7875784,-82.8299687,12/16/2016
hamlet,nodes,22.7542677,-83.3888492,12/16/2016
hamlet,nodes,22.7619439,-83.4594501,12/16/2016
hamlet,nodes,22.7833928,-83.6368345,12/16/2016
hamlet,nodes,22.7898956,-83.5303865,12/16/2016
hamlet,nodes,22.8042374,-83.5664537,12/16/2016
hamlet,nodes,22.8023666,-83.5788421,12/16/2016
hamlet,nodes,22.7579772,-83.545457,12/16/2016
hamlet,nodes,22.6758517,-83.4280346,12/16/2016
hamlet,nodes,22.659801,-83.3694369,12/16/2016
hamlet,nodes,23.0135264,-82.7342801,12/16/2016
hamlet,nodes,23.0233533,-82.7096265,12/16/2016
hamlet,nodes,23.0185855,-82.7262605,12/16/2016
hamlet,nodes,23.0250107,-82.6748443,12/16/2016
hamlet,nodes,23.0195864,-82.8313607,12/16/2016
hamlet,nodes,22.9951122,-83.0154529,12/16/2016
hamlet,nodes,22.9663672,-82.7956334,12/16/2016
hamlet,nodes,23.0321438,-82.6415953,12/16/2016
hamlet,nodes,23.0355789,-82.5904931,12/16/2016
hamlet,nodes,23.040847,-82.5982255,12/16/2016
hamlet,nodes,23.0356743,-82.5974143,12/16/2016
hamlet,nodes,23.0378999,-82.5511991,12/16/2016
hamlet,nodes,22.7250927,-81.7949468,12/16/2016
hamlet,nodes,22.7742914,-81.8168712,12/16/2016
hamlet,nodes,20.0491869,-75.7596646,12/16/2016
hamlet,nodes,20.0762782,-77.5328329,12/16/2016
hamlet,nodes,20.0716374,-77.533232,12/16/2016
hamlet,nodes,19.9348969,-77.6749184,12/16/2016
hamlet,nodes,19.9696615,-77.6057523,12/16/2016
hamlet,nodes,19.9745905,-77.6045636,12/16/2016
hamlet,nodes,19.9758184,-77.5855108,12/16/2016
hamlet,nodes,19.9664278,-77.5838938,12/16/2016
hamlet,nodes,19.966689,-77.5978365,12/16/2016
hamlet,nodes,19.9224992,-77.5966208,12/16/2016
hamlet,nodes,19.9368883,-77.6272211,12/16/2016
hamlet,nodes,19.9460774,-77.6639717,12/16/2016
hamlet,nodes,19.967742,-77.6377146,12/16/2016
hamlet,nodes,19.9627503,-76.6677684,12/16/2016
hamlet,nodes,19.9511938,-76.7286551,12/16/2016
hamlet,nodes,19.9483529,-77.0939117,12/16/2016
hamlet,nodes,19.9728193,-77.1836633,12/16/2016
hamlet,nodes,19.9886504,-77.1991753,12/16/2016
hamlet,nodes,19.9637061,-77.1543762,12/16/2016
hamlet,nodes,19.9526518,-77.1544791,12/16/2016
hamlet,nodes,19.9247813,-77.1939739,12/16/2016
hamlet,nodes,19.9355287,-77.068225,12/16/2016
hamlet,nodes,20.0006647,-76.9459185,12/16/2016
hamlet,nodes,19.8906492,-77.0099162,12/16/2016
hamlet,nodes,19.9764482,-77.1261637,12/16/2016
hamlet,nodes,19.908841,-77.1424755,12/16/2016
hamlet,nodes,19.9829871,-76.3114892,12/16/2016
hamlet,nodes,19.9795248,-76.3163138,12/16/2016
hamlet,nodes,19.9941679,-76.4386062,12/16/2016
hamlet,nodes,19.9587077,-76.4889825,12/16/2016
hamlet,nodes,19.9555365,-76.5098185,12/16/2016
hamlet,nodes,19.9545898,-76.5017534,12/16/2016
hamlet,nodes,19.9779796,-76.5205921,12/16/2016
hamlet,nodes,20.0142965,-76.2301492,12/16/2016
hamlet,nodes,20.0356218,-76.2384215,12/16/2016
hamlet,nodes,20.0612453,-76.1821733,12/16/2016
hamlet,nodes,20.0362254,-76.4569265,12/16/2016
hamlet,nodes,20.0536569,-76.145609,12/16/2016
hamlet,nodes,19.9886541,-75.3202828,12/16/2016
hamlet,nodes,19.9206041,-75.3213773,12/16/2016
hamlet,nodes,19.9353378,-75.4051314,12/16/2016
hamlet,nodes,19.9309137,-75.4369479,12/16/2016
hamlet,nodes,19.8890875,-75.3787017,12/16/2016
hamlet,nodes,19.8936502,-75.4214393,12/16/2016
hamlet,nodes,19.9179402,-75.4426324,12/16/2016
hamlet,nodes,19.9973732,-75.4556871,12/16/2016
hamlet,nodes,19.9778939,-75.4446594,12/16/2016
hamlet,nodes,19.9750935,-75.4915898,12/16/2016
hamlet,nodes,19.9681254,-75.5382801,12/16/2016
hamlet,nodes,19.9418144,-75.6614153,12/16/2016
hamlet,nodes,19.9429898,-75.6383329,12/16/2016
hamlet,nodes,19.901134,-75.5031873,12/16/2016
hamlet,nodes,19.9277439,-75.5988897,12/16/2016
hamlet,nodes,19.9764989,-75.4158501,12/16/2016
hamlet,nodes,19.9887155,-75.407534,12/16/2016
hamlet,nodes,22.8840064,-82.4741698,12/16/2016
hamlet,nodes,22.8834412,-82.4664469,12/16/2016
hamlet,nodes,20.9472411,-77.3538105,12/16/2016
hamlet,nodes,20.9636462,-77.3856798,12/16/2016
hamlet,nodes,20.9749444,-77.7465856,12/16/2016
hamlet,nodes,20.9976019,-77.7011359,12/16/2016
hamlet,nodes,20.990091,-77.8328859,12/16/2016
hamlet,nodes,20.9849425,-77.8674223,12/16/2016
hamlet,nodes,20.9444688,-77.8236605,12/16/2016
hamlet,nodes,21.0025772,-77.5016226,12/16/2016
hamlet,nodes,21.0072793,-77.239459,12/16/2016
hamlet,nodes,20.9971885,-77.5035538,12/16/2016
hamlet,nodes,21.031225,-77.8023519,12/16/2016
hamlet,nodes,20.9721631,-77.3905555,12/16/2016
hamlet,nodes,20.9173613,-78.0060428,12/16/2016
hamlet,nodes,20.9257476,-77.9192054,12/16/2016
hamlet,nodes,20.9540895,-77.9922028,12/16/2016
hamlet,nodes,20.9398883,-77.9041804,12/16/2016
hamlet,nodes,20.9509514,-77.8792537,12/16/2016
hamlet,nodes,20.9637097,-77.9230559,12/16/2016
hamlet,nodes,20.9754269,-77.8989542,12/16/2016
hamlet,nodes,20.9750423,-77.8868345,12/16/2016
hamlet,nodes,20.9791935,-77.9728594,12/16/2016
hamlet,nodes,20.9856507,-77.9915383,12/16/2016
hamlet,nodes,21.0618751,-77.7981999,12/16/2016
hamlet,nodes,20.4685892,-76.3748261,12/16/2016
hamlet,nodes,20.4175116,-76.3650273,12/16/2016
hamlet,nodes,20.4299821,-76.3377179,12/16/2016
hamlet,nodes,20.4218704,-76.3636722,12/16/2016
hamlet,nodes,20.3950858,-76.4013378,12/16/2016
hamlet,nodes,20.460279,-76.3849022,12/16/2016
hamlet,nodes,20.4572929,-76.4237731,12/16/2016
hamlet,nodes,20.9777894,-76.2393236,12/16/2016
hamlet,nodes,21.0026906,-76.2420248,12/16/2016
hamlet,nodes,20.8526787,-77.4208096,12/16/2016
hamlet,nodes,20.8531797,-77.4782983,12/16/2016
hamlet,nodes,20.8577764,-77.4619617,12/16/2016
hamlet,nodes,20.8211017,-77.3867669,12/16/2016
hamlet,nodes,20.7896564,-77.4135874,12/16/2016
hamlet,nodes,20.803021,-77.279628,12/16/2016
hamlet,nodes,20.7571139,-77.0350451,12/16/2016
hamlet,nodes,20.7330053,-77.4506666,12/16/2016
hamlet,nodes,20.8224744,-77.5599575,12/16/2016
hamlet,nodes,20.8187624,-77.540238,12/16/2016
hamlet,nodes,20.8172677,-77.5022074,12/16/2016
hamlet,nodes,20.8732136,-77.5533866,12/16/2016
hamlet,nodes,20.808576,-77.5420346,12/16/2016
hamlet,nodes,20.6999039,-77.4057829,12/16/2016
hamlet,nodes,20.7506652,-77.2784423,12/16/2016
hamlet,nodes,20.768898,-77.4149262,12/16/2016
hamlet,nodes,20.7211346,-77.605454,12/16/2016
hamlet,nodes,20.7462197,-77.5819087,12/16/2016
hamlet,nodes,20.7448288,-77.6085881,12/16/2016
hamlet,nodes,20.7882517,-77.6625256,12/16/2016
hamlet,nodes,20.806271,-77.6838513,12/16/2016
hamlet,nodes,20.7643718,-77.6715047,12/16/2016
hamlet,nodes,20.8278364,-77.6001668,12/16/2016
hamlet,nodes,20.8491267,-77.597251,12/16/2016
hamlet,nodes,20.8370969,-77.6362018,12/16/2016
hamlet,nodes,20.8407096,-77.6641698,12/16/2016
hamlet,nodes,20.973907,-76.2777433,12/16/2016
hamlet,nodes,20.9927143,-76.2816276,12/16/2016
hamlet,nodes,20.9699353,-76.3612676,12/16/2016
hamlet,nodes,20.9654371,-76.2902641,12/16/2016
hamlet,nodes,20.9017827,-76.285925,12/16/2016
hamlet,nodes,20.945196,-76.4909908,12/16/2016
hamlet,nodes,20.970306,-76.4050627,12/16/2016
hamlet,nodes,20.9656374,-76.3881862,12/16/2016
hamlet,nodes,20.9453742,-76.5472568,12/16/2016
hamlet,nodes,20.9485048,-76.7062855,12/16/2016
hamlet,nodes,20.919367,-76.7243899,12/16/2016
hamlet,nodes,20.9127834,-76.7105143,12/16/2016
hamlet,nodes,20.8936792,-76.7452799,12/16/2016
hamlet,nodes,20.9253776,-76.5978921,12/16/2016
hamlet,nodes,20.8885593,-76.8291661,12/16/2016
hamlet,nodes,20.8880466,-76.9731821,12/16/2016
hamlet,nodes,20.8922526,-76.4893747,12/16/2016
hamlet,nodes,20.9345354,-76.8273996,12/16/2016
hamlet,nodes,20.9185005,-76.8496443,12/16/2016
hamlet,nodes,20.0188693,-74.8779416,12/16/2016
hamlet,nodes,23.0060489,-82.5166626,12/16/2016
hamlet,nodes,23.0072224,-82.5086858,12/16/2016
hamlet,nodes,23.0235152,-82.5029059,12/16/2016
hamlet,nodes,23.0468823,-82.5205563,12/16/2016
hamlet,nodes,23.0620068,-82.5165235,12/16/2016
hamlet,nodes,20.0698641,-74.9390893,12/16/2016
hamlet,nodes,20.0606664,-75.7136183,12/16/2016
hamlet,nodes,20.0661211,-75.5654915,12/16/2016
hamlet,nodes,20.6665311,-75.8141129,12/16/2016
hamlet,nodes,20.6742486,-75.8025497,12/16/2016
hamlet,nodes,20.6398527,-75.7867599,12/16/2016
hamlet,nodes,20.649998,-75.8071393,12/16/2016
hamlet,nodes,20.6653906,-75.8941754,12/16/2016
hamlet,nodes,20.5985468,-75.9095876,12/16/2016
hamlet,nodes,19.9513007,-76.5548899,12/16/2016
hamlet,nodes,19.9447208,-76.7116423,12/16/2016
hamlet,nodes,19.9402763,-76.8613255,12/16/2016
hamlet,nodes,19.9370482,-76.8025858,12/16/2016
hamlet,nodes,19.9212757,-76.8991039,12/16/2016
hamlet,nodes,19.9043826,-76.9571319,12/16/2016
hamlet,nodes,19.9132284,-76.9543402,12/16/2016
hamlet,nodes,19.9490452,-77.0090587,12/16/2016
hamlet,nodes,19.9469528,-76.7549549,12/16/2016
hamlet,nodes,19.9351801,-76.9883897,12/16/2016
hamlet,nodes,19.9467451,-77.001177,12/16/2016
hamlet,nodes,19.9348166,-76.8819682,12/16/2016
hamlet,nodes,20.2597362,-75.5949497,12/16/2016
hamlet,nodes,20.1024046,-75.4753701,12/16/2016
hamlet,nodes,20.1005308,-75.4529051,12/16/2016
hamlet,nodes,20.1251541,-75.4537715,12/16/2016
hamlet,nodes,20.4447274,-74.5748828,12/16/2016
hamlet,nodes,20.4629724,-74.5854843,12/16/2016
hamlet,nodes,20.4839642,-74.6145862,12/16/2016
hamlet,nodes,20.6088559,-74.752658,12/16/2016
hamlet,nodes,20.6186538,-74.7841833,12/16/2016
hamlet,nodes,20.5928316,-74.7711941,12/16/2016
hamlet,nodes,20.6235593,-74.7811904,12/16/2016
hamlet,nodes,20.6125249,-74.7718941,12/16/2016
hamlet,nodes,20.6019927,-74.7549104,12/16/2016
hamlet,nodes,20.013333,-75.0308713,12/16/2016
hamlet,nodes,20.1316939,-74.998035,12/16/2016
hamlet,nodes,20.6009428,-76.8676887,12/16/2016
hamlet,nodes,20.6073773,-76.8594891,12/16/2016
hamlet,nodes,20.6417381,-76.9012055,12/16/2016
hamlet,nodes,20.7003621,-76.9004015,12/16/2016
hamlet,nodes,20.6516575,-76.869221,12/16/2016
hamlet,nodes,20.5259607,-76.8486904,12/16/2016
hamlet,nodes,20.555502,-76.9877648,12/16/2016
hamlet,nodes,20.704274,-76.9999942,12/16/2016
hamlet,nodes,20.600713,-76.8811893,12/16/2016
hamlet,nodes,20.6256127,-76.864192,12/16/2016
hamlet,nodes,20.2746415,-76.9660631,12/16/2016
hamlet,nodes,20.2550805,-76.9403343,12/16/2016
hamlet,nodes,20.25067,-76.940556,12/16/2016
hamlet,nodes,20.2521658,-76.9500626,12/16/2016
hamlet,nodes,20.2944812,-76.9608096,12/16/2016
hamlet,nodes,20.331806,-76.946186,12/16/2016
hamlet,nodes,20.3963632,-76.9446918,12/16/2016
hamlet,nodes,20.4167321,-76.9609976,12/16/2016
hamlet,nodes,20.3007712,-76.979224,12/16/2016
hamlet,nodes,20.8577231,-76.6186477,12/16/2016
hamlet,nodes,20.8510531,-76.6011231,12/16/2016
hamlet,nodes,20.8322533,-76.645131,12/16/2016
hamlet,nodes,20.8305001,-76.6477507,12/16/2016
hamlet,nodes,20.8011864,-76.9096132,12/16/2016
hamlet,nodes,20.8185634,-76.8623793,12/16/2016
hamlet,nodes,20.8033795,-76.7996986,12/16/2016
hamlet,nodes,20.7832594,-76.9238341,12/16/2016
hamlet,nodes,20.7861807,-76.909181,12/16/2016
hamlet,nodes,20.8134648,-76.9109097,12/16/2016
hamlet,nodes,20.8331968,-76.9111031,12/16/2016
hamlet,nodes,20.8508626,-76.9039869,12/16/2016
hamlet,nodes,20.8633433,-76.9083309,12/16/2016
hamlet,nodes,20.8635148,-76.907815,12/16/2016
hamlet,nodes,20.7749128,-76.9045917,12/16/2016
hamlet,nodes,20.8435027,-76.8364827,12/16/2016
hamlet,nodes,20.8457678,-76.7815697,12/16/2016
hamlet,nodes,20.8562567,-76.4871871,12/16/2016
hamlet,nodes,20.8588376,-76.5299446,12/16/2016
city,nodes,23.0469236,-81.5783032,12/16/2016
hamlet,nodes,20.5985785,-75.0859262,12/16/2016
hamlet,nodes,22.709109,-80.0694672,12/16/2016
hamlet,nodes,22.6192867,-80.2140606,12/16/2016
hamlet,nodes,20.3231595,-75.0321516,12/16/2016
hamlet,nodes,22.0417509,-80.3538108,12/16/2016
hamlet,nodes,21.8479991,-80.1830716,12/16/2016
hamlet,nodes,22.2170933,-81.1223146,12/16/2016
city,nodes,22.9613562,-82.1518012,12/16/2016
hamlet,nodes,21.1255346,-78.0618483,12/16/2016
hamlet,nodes,22.9113546,-82.7064674,12/16/2016
hamlet,nodes,20.5820515,-75.8203528,12/16/2016
hamlet,nodes,22.9106637,-82.443998,12/16/2016
hamlet,nodes,22.8856892,-82.4231672,12/16/2016
hamlet,nodes,22.6090311,-81.2668676,12/16/2016
hamlet,nodes,22.6003403,-81.2601654,12/16/2016
hamlet,nodes,21.0919247,-77.717059,12/16/2016
hamlet,nodes,21.0577661,-77.7464196,12/16/2016
hamlet,nodes,21.0265368,-77.9345615,12/16/2016
hamlet,nodes,21.1774797,-77.9051314,12/16/2016
hamlet,nodes,21.2095618,-77.9045599,12/16/2016
hamlet,nodes,21.2235535,-77.9056578,12/16/2016
hamlet,nodes,21.1985066,-78.25335,12/16/2016
hamlet,nodes,21.0490391,-77.9892804,12/16/2016
hamlet,nodes,21.1213217,-78.1577461,12/16/2016
hamlet,nodes,21.0322757,-77.7423515,12/16/2016
hamlet,nodes,20.9853396,-77.6959476,12/16/2016
hamlet,nodes,20.9399277,-77.7091044,12/16/2016
hamlet,nodes,21.1138681,-77.6879847,12/16/2016
hamlet,nodes,21.1537057,-77.7042854,12/16/2016
hamlet,nodes,20.9749923,-77.8493338,12/16/2016
hamlet,nodes,21.1242241,-77.346428,12/16/2016
hamlet,nodes,21.351152,-77.3850014,12/16/2016
hamlet,nodes,21.2494755,-77.3142756,12/16/2016
hamlet,nodes,20.0102513,-75.7564948,12/16/2016
hamlet,nodes,21.7177883,-82.8446265,12/16/2016
hamlet,nodes,21.8739167,-84.8254248,12/16/2016
hamlet,nodes,21.4883757,-77.8466437,12/16/2016
hamlet,nodes,21.5993214,-78.1974648,12/16/2016
city,nodes,23.135305,-82.3589631,12/16/2016
city,nodes,21.3791765,-77.9183681,12/16/2016
hamlet,nodes,22.9243806,-82.1214134,12/16/2016
hamlet,nodes,23.0145536,-82.6986623,12/16/2016
hamlet,nodes,23.0031377,-82.6659715,12/16/2016
hamlet,nodes,22.8743959,-82.2439367,12/16/2016
hamlet,nodes,22.8850319,-82.2725558,12/16/2016
hamlet,nodes,22.9621809,-82.3513989,12/16/2016
hamlet,nodes,22.8884518,-82.3107988,12/16/2016
hamlet,nodes,22.9823915,-82.6921253,12/16/2016
hamlet,nodes,22.0979139,-83.9989554,12/16/2016
hamlet,nodes,22.0785196,-84.1756083,12/16/2016
hamlet,nodes,22.1187615,-84.0689336,12/16/2016
hamlet,nodes,22.8714995,-82.7177274,12/16/2016
